Processor,Simulation_Number,Benchmark_Score
AMD Ryzen 7 7700X @ 5.57GHz (OpenSSL 3.3 AES-256-GCM),1,116847983137.84
AMD Ryzen 7 7700X @ 5.57GHz (OpenSSL 3.3 AES-256-GCM),2,116872780673.05
AMD Ryzen 7 7700X @ 5.57GHz (OpenSSL 3.3 AES-256-GCM),3,116880914665.77
AMD Ryzen 7 7700X @ 5.57GHz (OpenSSL 3.3 AES-256-GCM),4,116887924060.32
AMD Ryzen 7 7700X @ 5.57GHz (OpenSSL 3.3 AES-256-GCM),5,116839872311.03
AMD Ryzen 7 7700X @ 5.57GHz (OpenSSL 3.3 AES-256-GCM),6,116910171791.86
AMD Ryzen 7 7700X @ 5.57GHz (OpenSSL 3.3 AES-256-GCM),7,116842440860.58
AMD Ryzen 7 7700X @ 5.57GHz (OpenSSL 3.3 AES-256-GCM),8,116827249703.52
AMD Ryzen 7 7700X @ 5.57GHz (OpenSSL 3.3 AES-256-GCM),9,116878151430.47
AMD Ryzen 7 7700X @ 5.57GHz (OpenSSL 3.3 AES-256-GCM),10,116915978612.11
AMD Ryzen 7 7700X @ 5.57GHz (OpenSSL 3.3 AES-256-GCM),11,116935474710.19
AMD Ryzen 7 7700X @ 5.57GHz (OpenSSL 3.3 AES-256-GCM),12,116833582622.49
AMD Ryzen 7 7700X @ 5.57GHz (OpenSSL 3.3 AES-256-GCM),13,116846622109.31
AMD Ryzen 7 7700X @ 5.57GHz (OpenSSL 3.3 AES-256-GCM),14,116867287760.99
AMD Ryzen 7 7700X @ 5.57GHz (OpenSSL 3.3 AES-256-GCM),15,116795003603.48
AMD Ryzen 7 7700X @ 5.57GHz (OpenSSL 3.3 AES-256-GCM),16,116845458498.47
AMD Ryzen 7 7700X @ 5.57GHz (OpenSSL 3.3 AES-256-GCM),17,116811967307.47
AMD Ryzen 7 7700X @ 5.57GHz (OpenSSL 3.3 AES-256-GCM),18,116860746853.34
AMD Ryzen 7 7700X @ 5.57GHz (OpenSSL 3.3 AES-256-GCM),19,116888924517.85
AMD Ryzen 7 7700X @ 5.57GHz (OpenSSL 3.3 AES-256-GCM),20,116861406020.27
AMD Ryzen 7 7700X @ 5.57GHz (OpenSSL 3.3 AES-256-GCM),21,116893884796.84
AMD Ryzen 7 7700X @ 5.57GHz (OpenSSL 3.3 AES-256-GCM),22,116840548707.02
AMD Ryzen 7 7700X @ 5.57GHz (OpenSSL 3.3 AES-256-GCM),23,116904460085.39
AMD Ryzen 7 7700X @ 5.57GHz (OpenSSL 3.3 AES-256-GCM),24,116839149665.10
AMD Ryzen 7 7700X @ 5.57GHz (OpenSSL 3.3 AES-256-GCM),25,116884462362.95
AMD Ryzen 7 7700X @ 5.57GHz (OpenSSL 3.3 AES-256-GCM),26,116806432713.74
AMD Ryzen 7 7700X @ 5.57GHz (OpenSSL 3.3 AES-256-GCM),27,116800329916.05
AMD Ryzen 7 7700X @ 5.57GHz (OpenSSL 3.3 AES-256-GCM),28,116865059071.02
AMD Ryzen 7 7700X @ 5.57GHz (OpenSSL 3.3 AES-256-GCM),29,116872561472.69
AMD Ryzen 7 7700X @ 5.57GHz (OpenSSL 3.3 AES-256-GCM),30,116884066858.05
AMD Ryzen 7 7700X @ 5.57GHz (OpenSSL 3.3 AES-256-GCM),31,116929734810.02
AMD Ryzen 7 7700X @ 5.57GHz (OpenSSL 3.3 AES-256-GCM),32,116865290209.02
AMD Ryzen 7 7700X @ 5.57GHz (OpenSSL 3.3 AES-256-GCM),33,116868218507.25
AMD Ryzen 7 7700X @ 5.57GHz (OpenSSL 3.3 AES-256-GCM),34,116914504396.84
AMD Ryzen 7 7700X @ 5.57GHz (OpenSSL 3.3 AES-256-GCM),35,116921151631.94
AMD Ryzen 7 7700X @ 5.57GHz (OpenSSL 3.3 AES-256-GCM),36,116867669322.56
AMD Ryzen 7 7700X @ 5.57GHz (OpenSSL 3.3 AES-256-GCM),37,116881241978.05
AMD Ryzen 7 7700X @ 5.57GHz (OpenSSL 3.3 AES-256-GCM),38,116896494549.02
AMD Ryzen 7 7700X @ 5.57GHz (OpenSSL 3.3 AES-256-GCM),39,116876736920.29
AMD Ryzen 7 7700X @ 5.57GHz (OpenSSL 3.3 AES-256-GCM),40,116828103361.16
AMD Ryzen 7 7700X @ 5.57GHz (OpenSSL 3.3 AES-256-GCM),41,116860598114.04
AMD Ryzen 7 7700X @ 5.57GHz (OpenSSL 3.3 AES-256-GCM),42,116924140235.10
AMD Ryzen 7 7700X @ 5.57GHz (OpenSSL 3.3 AES-256-GCM),43,116875857695.34
AMD Ryzen 7 7700X @ 5.57GHz (OpenSSL 3.3 AES-256-GCM),44,116854033747.98
AMD Ryzen 7 7700X @ 5.57GHz (OpenSSL 3.3 AES-256-GCM),45,116860954592.20
AMD Ryzen 7 7700X @ 5.57GHz (OpenSSL 3.3 AES-256-GCM),46,116862222376.71
AMD Ryzen 7 7700X @ 5.57GHz (OpenSSL 3.3 AES-256-GCM),47,116807073780.45
AMD Ryzen 7 7700X @ 5.57GHz (OpenSSL 3.3 AES-256-GCM),48,116849163996.09
AMD Ryzen 7 7700X @ 5.57GHz (OpenSSL 3.3 AES-256-GCM),49,116913170451.14
AMD Ryzen 7 7700X @ 5.57GHz (OpenSSL 3.3 AES-256-GCM),50,116813435067.08
AMD Ryzen 7 7700X @ 5.57GHz (OpenSSL 3.3 AES-256-GCM),51,116895256010.23
AMD Ryzen 7 7700X @ 5.57GHz (OpenSSL 3.3 AES-256-GCM),52,116843300769.14
AMD Ryzen 7 7700X @ 5.57GHz (OpenSSL 3.3 AES-256-GCM),53,116853989797.01
AMD Ryzen 7 7700X @ 5.57GHz (OpenSSL 3.3 AES-256-GCM),54,116873623230.04
AMD Ryzen 7 7700X @ 5.57GHz (OpenSSL 3.3 AES-256-GCM),55,116868633777.05
AMD Ryzen 7 7700X @ 5.57GHz (OpenSSL 3.3 AES-256-GCM),56,116850565603.23
AMD Ryzen 7 7700X @ 5.57GHz (OpenSSL 3.3 AES-256-GCM),57,116837143713.20
AMD Ryzen 7 7700X @ 5.57GHz (OpenSSL 3.3 AES-256-GCM),58,116864118183.59
AMD Ryzen 7 7700X @ 5.57GHz (OpenSSL 3.3 AES-256-GCM),59,116879255544.55
AMD Ryzen 7 7700X @ 5.57GHz (OpenSSL 3.3 AES-256-GCM),60,116839604903.79
AMD Ryzen 7 7700X @ 5.57GHz (OpenSSL 3.3 AES-256-GCM),61,116862642947.59
AMD Ryzen 7 7700X @ 5.57GHz (OpenSSL 3.3 AES-256-GCM),62,116873075402.85
AMD Ryzen 7 7700X @ 5.57GHz (OpenSSL 3.3 AES-256-GCM),63,116868381807.01
AMD Ryzen 7 7700X @ 5.57GHz (OpenSSL 3.3 AES-256-GCM),64,116914006737.89
AMD Ryzen 7 7700X @ 5.57GHz (OpenSSL 3.3 AES-256-GCM),65,116795792261.60
AMD Ryzen 7 7700X @ 5.57GHz (OpenSSL 3.3 AES-256-GCM),66,116910305750.37
AMD Ryzen 7 7700X @ 5.57GHz (OpenSSL 3.3 AES-256-GCM),67,116812430377.33
AMD Ryzen 7 7700X @ 5.57GHz (OpenSSL 3.3 AES-256-GCM),68,116820764158.28
AMD Ryzen 7 7700X @ 5.57GHz (OpenSSL 3.3 AES-256-GCM),69,116877973893.15
AMD Ryzen 7 7700X @ 5.57GHz (OpenSSL 3.3 AES-256-GCM),70,116866930832.21
AMD Ryzen 7 7700X @ 5.57GHz (OpenSSL 3.3 AES-256-GCM),71,116864636536.16
AMD Ryzen 7 7700X @ 5.57GHz (OpenSSL 3.3 AES-256-GCM),72,116789157031.32
AMD Ryzen 7 7700X @ 5.57GHz (OpenSSL 3.3 AES-256-GCM),73,116835490867.03
AMD Ryzen 7 7700X @ 5.57GHz (OpenSSL 3.3 AES-256-GCM),74,116883769817.20
AMD Ryzen 7 7700X @ 5.57GHz (OpenSSL 3.3 AES-256-GCM),75,116845800739.22
AMD Ryzen 7 7700X @ 5.57GHz (OpenSSL 3.3 AES-256-GCM),76,116876618067.99
AMD Ryzen 7 7700X @ 5.57GHz (OpenSSL 3.3 AES-256-GCM),77,116851546478.13
AMD Ryzen 7 7700X @ 5.57GHz (OpenSSL 3.3 AES-256-GCM),78,116775271136.90
AMD Ryzen 7 7700X @ 5.57GHz (OpenSSL 3.3 AES-256-GCM),79,116852747806.05
AMD Ryzen 7 7700X @ 5.57GHz (OpenSSL 3.3 AES-256-GCM),80,116819550430.18
AMD Ryzen 7 7700X @ 5.57GHz (OpenSSL 3.3 AES-256-GCM),81,116883401067.70
AMD Ryzen 7 7700X @ 5.57GHz (OpenSSL 3.3 AES-256-GCM),82,116886903671.59
AMD Ryzen 7 7700X @ 5.57GHz (OpenSSL 3.3 AES-256-GCM),83,116895113800.68
AMD Ryzen 7 7700X @ 5.57GHz (OpenSSL 3.3 AES-256-GCM),84,116918471342.02
AMD Ryzen 7 7700X @ 5.57GHz (OpenSSL 3.3 AES-256-GCM),85,116847011602.25
AMD Ryzen 7 7700X @ 5.57GHz (OpenSSL 3.3 AES-256-GCM),86,116897679442.07
AMD Ryzen 7 7700X @ 5.57GHz (OpenSSL 3.3 AES-256-GCM),87,116850872813.20
AMD Ryzen 7 7700X @ 5.57GHz (OpenSSL 3.3 AES-256-GCM),88,116854443394.01
AMD Ryzen 7 7700X @ 5.57GHz (OpenSSL 3.3 AES-256-GCM),89,116891008075.69
AMD Ryzen 7 7700X @ 5.57GHz (OpenSSL 3.3 AES-256-GCM),90,116830504138.67
AMD Ryzen 7 7700X @ 5.57GHz (OpenSSL 3.3 AES-256-GCM),91,116905477036.78
AMD Ryzen 7 7700X @ 5.57GHz (OpenSSL 3.3 AES-256-GCM),92,116890316047.67
AMD Ryzen 7 7700X @ 5.57GHz (OpenSSL 3.3 AES-256-GCM),93,116881944682.85
AMD Ryzen 7 7700X @ 5.57GHz (OpenSSL 3.3 AES-256-GCM),94,116951292771.68
AMD Ryzen 7 7700X @ 5.57GHz (OpenSSL 3.3 AES-256-GCM),95,116874170807.81
AMD Ryzen 7 7700X @ 5.57GHz (OpenSSL 3.3 AES-256-GCM),96,116834806773.68
AMD Ryzen 7 7700X @ 5.57GHz (OpenSSL 3.3 AES-256-GCM),97,116916725864.41
AMD Ryzen 7 7700X @ 5.57GHz (OpenSSL 3.3 AES-256-GCM),98,116892315937.15
AMD Ryzen 7 7700X @ 5.57GHz (OpenSSL 3.3 AES-256-GCM),99,116863256141.63
AMD Ryzen 7 7700X @ 5.57GHz (OpenSSL 3.3 AES-256-GCM),100,116873412520.09
AMD Ryzen 7 7700X @ 5.57GHz (OpenSSL 3.3 AES-256-GCM),101,116867269483.39
AMD Ryzen 7 7700X @ 5.57GHz (OpenSSL 3.3 AES-256-GCM),102,116864910445.72
AMD Ryzen 7 7700X @ 5.57GHz (OpenSSL 3.3 AES-256-GCM),103,116857004101.35
AMD Ryzen 7 7700X @ 5.57GHz (OpenSSL 3.3 AES-256-GCM),104,116886873289.08
AMD Ryzen 7 7700X @ 5.57GHz (OpenSSL 3.3 AES-256-GCM),105,116853620818.08
AMD Ryzen 7 7700X @ 5.57GHz (OpenSSL 3.3 AES-256-GCM),106,116903500653.86
AMD Ryzen 7 7700X @ 5.57GHz (OpenSSL 3.3 AES-256-GCM),107,116881511454.28
AMD Ryzen 7 7700X @ 5.57GHz (OpenSSL 3.3 AES-256-GCM),108,116816971154.74
AMD Ryzen 7 7700X @ 5.57GHz (OpenSSL 3.3 AES-256-GCM),109,116893756460.69
AMD Ryzen 7 7700X @ 5.57GHz (OpenSSL 3.3 AES-256-GCM),110,116866476198.35
AMD Ryzen 7 7700X @ 5.57GHz (OpenSSL 3.3 AES-256-GCM),111,116946842694.89
AMD Ryzen 7 7700X @ 5.57GHz (OpenSSL 3.3 AES-256-GCM),112,116860017222.71
AMD Ryzen 7 7700X @ 5.57GHz (OpenSSL 3.3 AES-256-GCM),113,116913370247.15
AMD Ryzen 7 7700X @ 5.57GHz (OpenSSL 3.3 AES-256-GCM),114,116933466731.64
AMD Ryzen 7 7700X @ 5.57GHz (OpenSSL 3.3 AES-256-GCM),115,116836704942.62
AMD Ryzen 7 7700X @ 5.57GHz (OpenSSL 3.3 AES-256-GCM),116,116828298213.60
AMD Ryzen 7 7700X @ 5.57GHz (OpenSSL 3.3 AES-256-GCM),117,116945816463.52
AMD Ryzen 7 7700X @ 5.57GHz (OpenSSL 3.3 AES-256-GCM),118,116821096367.82
AMD Ryzen 7 7700X @ 5.57GHz (OpenSSL 3.3 AES-256-GCM),119,116873951111.10
AMD Ryzen 7 7700X @ 5.57GHz (OpenSSL 3.3 AES-256-GCM),120,116893807534.32
AMD Ryzen 7 7700X @ 5.57GHz (OpenSSL 3.3 AES-256-GCM),121,116851388090.06
AMD Ryzen 7 7700X @ 5.57GHz (OpenSSL 3.3 AES-256-GCM),122,116822965434.98
AMD Ryzen 7 7700X @ 5.57GHz (OpenSSL 3.3 AES-256-GCM),123,116852373213.78
AMD Ryzen 7 7700X @ 5.57GHz (OpenSSL 3.3 AES-256-GCM),124,116863238981.30
AMD Ryzen 7 7700X @ 5.57GHz (OpenSSL 3.3 AES-256-GCM),125,116857285258.35
AMD Ryzen 7 7700X @ 5.57GHz (OpenSSL 3.3 AES-256-GCM),126,116826385214.58
AMD Ryzen 7 7700X @ 5.57GHz (OpenSSL 3.3 AES-256-GCM),127,116842767234.37
AMD Ryzen 7 7700X @ 5.57GHz (OpenSSL 3.3 AES-256-GCM),128,116814390699.78
AMD Ryzen 7 7700X @ 5.57GHz (OpenSSL 3.3 AES-256-GCM),129,116840371376.74
AMD Ryzen 7 7700X @ 5.57GHz (OpenSSL 3.3 AES-256-GCM),130,116849284295.79
AMD Ryzen 7 7700X @ 5.57GHz (OpenSSL 3.3 AES-256-GCM),131,116793951811.65
AMD Ryzen 7 7700X @ 5.57GHz (OpenSSL 3.3 AES-256-GCM),132,116801101104.13
AMD Ryzen 7 7700X @ 5.57GHz (OpenSSL 3.3 AES-256-GCM),133,116861461174.85
AMD Ryzen 7 7700X @ 5.57GHz (OpenSSL 3.3 AES-256-GCM),134,116885392232.41
AMD Ryzen 7 7700X @ 5.57GHz (OpenSSL 3.3 AES-256-GCM),135,116837487222.62
AMD Ryzen 7 7700X @ 5.57GHz (OpenSSL 3.3 AES-256-GCM),136,116779164362.68
AMD Ryzen 7 7700X @ 5.57GHz (OpenSSL 3.3 AES-256-GCM),137,116870182829.02
AMD Ryzen 7 7700X @ 5.57GHz (OpenSSL 3.3 AES-256-GCM),138,116977366763.35
AMD Ryzen 7 7700X @ 5.57GHz (OpenSSL 3.3 AES-256-GCM),139,116859213008.20
AMD Ryzen 7 7700X @ 5.57GHz (OpenSSL 3.3 AES-256-GCM),140,116877783365.55
AMD Ryzen 7 7700X @ 5.57GHz (OpenSSL 3.3 AES-256-GCM),141,116835935398.80
AMD Ryzen 7 7700X @ 5.57GHz (OpenSSL 3.3 AES-256-GCM),142,116947242906.09
AMD Ryzen 7 7700X @ 5.57GHz (OpenSSL 3.3 AES-256-GCM),143,116848768702.66
AMD Ryzen 7 7700X @ 5.57GHz (OpenSSL 3.3 AES-256-GCM),144,116856122549.63
AMD Ryzen 7 7700X @ 5.57GHz (OpenSSL 3.3 AES-256-GCM),145,116904715079.66
AMD Ryzen 7 7700X @ 5.57GHz (OpenSSL 3.3 AES-256-GCM),146,116870603478.93
AMD Ryzen 7 7700X @ 5.57GHz (OpenSSL 3.3 AES-256-GCM),147,116880020613.73
AMD Ryzen 7 7700X @ 5.57GHz (OpenSSL 3.3 AES-256-GCM),148,116871695939.00
AMD Ryzen 7 7700X @ 5.57GHz (OpenSSL 3.3 AES-256-GCM),149,116827961892.74
AMD Ryzen 7 7700X @ 5.57GHz (OpenSSL 3.3 AES-256-GCM),150,116908423141.86
AMD Ryzen 7 7700X @ 5.57GHz (OpenSSL 3.3 AES-256-GCM),151,116886918204.41
AMD Ryzen 7 7700X @ 5.57GHz (OpenSSL 3.3 AES-256-GCM),152,116888804116.80
AMD Ryzen 7 7700X @ 5.57GHz (OpenSSL 3.3 AES-256-GCM),153,116881549382.62
AMD Ryzen 7 7700X @ 5.57GHz (OpenSSL 3.3 AES-256-GCM),154,116842316335.60
AMD Ryzen 7 7700X @ 5.57GHz (OpenSSL 3.3 AES-256-GCM),155,116880730632.99
AMD Ryzen 7 7700X @ 5.57GHz (OpenSSL 3.3 AES-256-GCM),156,116853218320.09
AMD Ryzen 7 7700X @ 5.57GHz (OpenSSL 3.3 AES-256-GCM),157,116846227509.77
AMD Ryzen 7 7700X @ 5.57GHz (OpenSSL 3.3 AES-256-GCM),158,116893167421.24
AMD Ryzen 7 7700X @ 5.57GHz (OpenSSL 3.3 AES-256-GCM),159,116805571270.59
AMD Ryzen 7 7700X @ 5.57GHz (OpenSSL 3.3 AES-256-GCM),160,116956966592.02
AMD Ryzen 7 7700X @ 5.57GHz (OpenSSL 3.3 AES-256-GCM),161,116810650966.47
AMD Ryzen 7 7700X @ 5.57GHz (OpenSSL 3.3 AES-256-GCM),162,116894539349.85
AMD Ryzen 7 7700X @ 5.57GHz (OpenSSL 3.3 AES-256-GCM),163,116888231090.84
AMD Ryzen 7 7700X @ 5.57GHz (OpenSSL 3.3 AES-256-GCM),164,116877567098.29
AMD Ryzen 7 7700X @ 5.57GHz (OpenSSL 3.3 AES-256-GCM),165,116744030442.73
AMD Ryzen 7 7700X @ 5.57GHz (OpenSSL 3.3 AES-256-GCM),166,116862685795.50
AMD Ryzen 7 7700X @ 5.57GHz (OpenSSL 3.3 AES-256-GCM),167,116793192621.34
AMD Ryzen 7 7700X @ 5.57GHz (OpenSSL 3.3 AES-256-GCM),168,116839268186.07
AMD Ryzen 7 7700X @ 5.57GHz (OpenSSL 3.3 AES-256-GCM),169,116811904258.17
AMD Ryzen 7 7700X @ 5.57GHz (OpenSSL 3.3 AES-256-GCM),170,116852328394.29
AMD Ryzen 7 7700X @ 5.57GHz (OpenSSL 3.3 AES-256-GCM),171,116844904446.54
AMD Ryzen 7 7700X @ 5.57GHz (OpenSSL 3.3 AES-256-GCM),172,116873547399.06
AMD Ryzen 7 7700X @ 5.57GHz (OpenSSL 3.3 AES-256-GCM),173,116894608569.41
AMD Ryzen 7 7700X @ 5.57GHz (OpenSSL 3.3 AES-256-GCM),174,116879952025.65
AMD Ryzen 7 7700X @ 5.57GHz (OpenSSL 3.3 AES-256-GCM),175,116919060289.18
AMD Ryzen 7 7700X @ 5.57GHz (OpenSSL 3.3 AES-256-GCM),176,116872296282.07
AMD Ryzen 7 7700X @ 5.57GHz (OpenSSL 3.3 AES-256-GCM),177,116863917755.89
AMD Ryzen 7 7700X @ 5.57GHz (OpenSSL 3.3 AES-256-GCM),178,116888706532.46
AMD Ryzen 7 7700X @ 5.57GHz (OpenSSL 3.3 AES-256-GCM),179,116823516721.74
AMD Ryzen 7 7700X @ 5.57GHz (OpenSSL 3.3 AES-256-GCM),180,116864985965.33
AMD Ryzen 7 7700X @ 5.57GHz (OpenSSL 3.3 AES-256-GCM),181,116881310469.11
AMD Ryzen 7 7700X @ 5.57GHz (OpenSSL 3.3 AES-256-GCM),182,116819035038.02
AMD Ryzen 7 7700X @ 5.57GHz (OpenSSL 3.3 AES-256-GCM),183,116917652060.44
AMD Ryzen 7 7700X @ 5.57GHz (OpenSSL 3.3 AES-256-GCM),184,116794522211.80
AMD Ryzen 7 7700X @ 5.57GHz (OpenSSL 3.3 AES-256-GCM),185,116848159706.12
AMD Ryzen 7 7700X @ 5.57GHz (OpenSSL 3.3 AES-256-GCM),186,116810926301.65
AMD Ryzen 7 7700X @ 5.57GHz (OpenSSL 3.3 AES-256-GCM),187,116857334801.71
AMD Ryzen 7 7700X @ 5.57GHz (OpenSSL 3.3 AES-256-GCM),188,116842636710.64
AMD Ryzen 7 7700X @ 5.57GHz (OpenSSL 3.3 AES-256-GCM),189,116881010570.45
AMD Ryzen 7 7700X @ 5.57GHz (OpenSSL 3.3 AES-256-GCM),190,116818399866.66
AMD Ryzen 7 7700X @ 5.57GHz (OpenSSL 3.3 AES-256-GCM),191,116849519274.23
AMD Ryzen 7 7700X @ 5.57GHz (OpenSSL 3.3 AES-256-GCM),192,116836220055.78
AMD Ryzen 7 7700X @ 5.57GHz (OpenSSL 3.3 AES-256-GCM),193,116821872508.19
AMD Ryzen 7 7700X @ 5.57GHz (OpenSSL 3.3 AES-256-GCM),194,116839814144.47
AMD Ryzen 7 7700X @ 5.57GHz (OpenSSL 3.3 AES-256-GCM),195,116885003816.63
AMD Ryzen 7 7700X @ 5.57GHz (OpenSSL 3.3 AES-256-GCM),196,116926420443.50
AMD Ryzen 7 7700X @ 5.57GHz (OpenSSL 3.3 AES-256-GCM),197,116850099700.69
AMD Ryzen 7 7700X @ 5.57GHz (OpenSSL 3.3 AES-256-GCM),198,116942242758.63
AMD Ryzen 7 7700X @ 5.57GHz (OpenSSL 3.3 AES-256-GCM),199,116839454059.57
AMD Ryzen 7 7700X @ 5.57GHz (OpenSSL 3.3 AES-256-GCM),200,116925018661.87
AMD Ryzen 7 7700X @ 5.57GHz (OpenSSL 3.3 AES-256-GCM),201,116912957348.24
AMD Ryzen 7 7700X @ 5.57GHz (OpenSSL 3.3 AES-256-GCM),202,116925657019.28
AMD Ryzen 7 7700X @ 5.57GHz (OpenSSL 3.3 AES-256-GCM),203,116827936226.87
AMD Ryzen 7 7700X @ 5.57GHz (OpenSSL 3.3 AES-256-GCM),204,116872828293.83
AMD Ryzen 7 7700X @ 5.57GHz (OpenSSL 3.3 AES-256-GCM),205,116871019036.49
AMD Ryzen 7 7700X @ 5.57GHz (OpenSSL 3.3 AES-256-GCM),206,116881917836.80
AMD Ryzen 7 7700X @ 5.57GHz (OpenSSL 3.3 AES-256-GCM),207,116809800364.76
AMD Ryzen 7 7700X @ 5.57GHz (OpenSSL 3.3 AES-256-GCM),208,116860037385.75
AMD Ryzen 7 7700X @ 5.57GHz (OpenSSL 3.3 AES-256-GCM),209,116819693236.99
AMD Ryzen 7 7700X @ 5.57GHz (OpenSSL 3.3 AES-256-GCM),210,116945177213.68
AMD Ryzen 7 7700X @ 5.57GHz (OpenSSL 3.3 AES-256-GCM),211,116834908728.45
AMD Ryzen 7 7700X @ 5.57GHz (OpenSSL 3.3 AES-256-GCM),212,116817696118.48
AMD Ryzen 7 7700X @ 5.57GHz (OpenSSL 3.3 AES-256-GCM),213,116895115955.95
AMD Ryzen 7 7700X @ 5.57GHz (OpenSSL 3.3 AES-256-GCM),214,116784362136.45
AMD Ryzen 7 7700X @ 5.57GHz (OpenSSL 3.3 AES-256-GCM),215,116846738133.44
AMD Ryzen 7 7700X @ 5.57GHz (OpenSSL 3.3 AES-256-GCM),216,116822288327.23
AMD Ryzen 7 7700X @ 5.57GHz (OpenSSL 3.3 AES-256-GCM),217,116858183890.81
AMD Ryzen 7 7700X @ 5.57GHz (OpenSSL 3.3 AES-256-GCM),218,116862029990.23
AMD Ryzen 7 7700X @ 5.57GHz (OpenSSL 3.3 AES-256-GCM),219,116824316900.22
AMD Ryzen 7 7700X @ 5.57GHz (OpenSSL 3.3 AES-256-GCM),220,116875191422.84
AMD Ryzen 7 7700X @ 5.57GHz (OpenSSL 3.3 AES-256-GCM),221,116867192191.73
AMD Ryzen 7 7700X @ 5.57GHz (OpenSSL 3.3 AES-256-GCM),222,116842540635.75
AMD Ryzen 7 7700X @ 5.57GHz (OpenSSL 3.3 AES-256-GCM),223,116875030641.16
AMD Ryzen 7 7700X @ 5.57GHz (OpenSSL 3.3 AES-256-GCM),224,116873610026.38
AMD Ryzen 7 7700X @ 5.57GHz (OpenSSL 3.3 AES-256-GCM),225,116824807807.36
AMD Ryzen 7 7700X @ 5.57GHz (OpenSSL 3.3 AES-256-GCM),226,116922844164.84
AMD Ryzen 7 7700X @ 5.57GHz (OpenSSL 3.3 AES-256-GCM),227,116905611751.56
AMD Ryzen 7 7700X @ 5.57GHz (OpenSSL 3.3 AES-256-GCM),228,116830177787.72
AMD Ryzen 7 7700X @ 5.57GHz (OpenSSL 3.3 AES-256-GCM),229,116812625600.08
AMD Ryzen 7 7700X @ 5.57GHz (OpenSSL 3.3 AES-256-GCM),230,116883938152.54
AMD Ryzen 7 7700X @ 5.57GHz (OpenSSL 3.3 AES-256-GCM),231,116830970481.52
AMD Ryzen 7 7700X @ 5.57GHz (OpenSSL 3.3 AES-256-GCM),232,116875698320.77
AMD Ryzen 7 7700X @ 5.57GHz (OpenSSL 3.3 AES-256-GCM),233,116862950376.53
AMD Ryzen 7 7700X @ 5.57GHz (OpenSSL 3.3 AES-256-GCM),234,116847642273.45
AMD Ryzen 7 7700X @ 5.57GHz (OpenSSL 3.3 AES-256-GCM),235,116787760019.55
AMD Ryzen 7 7700X @ 5.57GHz (OpenSSL 3.3 AES-256-GCM),236,116826206489.37
AMD Ryzen 7 7700X @ 5.57GHz (OpenSSL 3.3 AES-256-GCM),237,116836175337.93
AMD Ryzen 7 7700X @ 5.57GHz (OpenSSL 3.3 AES-256-GCM),238,116866760638.48
AMD Ryzen 7 7700X @ 5.57GHz (OpenSSL 3.3 AES-256-GCM),239,116803161205.59
AMD Ryzen 7 7700X @ 5.57GHz (OpenSSL 3.3 AES-256-GCM),240,116809007044.32
AMD Ryzen 7 7700X @ 5.57GHz (OpenSSL 3.3 AES-256-GCM),241,116882142291.96
AMD Ryzen 7 7700X @ 5.57GHz (OpenSSL 3.3 AES-256-GCM),242,116870581159.12
AMD Ryzen 7 7700X @ 5.57GHz (OpenSSL 3.3 AES-256-GCM),243,116839942846.47
AMD Ryzen 7 7700X @ 5.57GHz (OpenSSL 3.3 AES-256-GCM),244,116833685100.61
AMD Ryzen 7 7700X @ 5.57GHz (OpenSSL 3.3 AES-256-GCM),245,116856778989.30
AMD Ryzen 7 7700X @ 5.57GHz (OpenSSL 3.3 AES-256-GCM),246,116843992218.78
AMD Ryzen 7 7700X @ 5.57GHz (OpenSSL 3.3 AES-256-GCM),247,116860523846.22
AMD Ryzen 7 7700X @ 5.57GHz (OpenSSL 3.3 AES-256-GCM),248,116896901234.15
AMD Ryzen 7 7700X @ 5.57GHz (OpenSSL 3.3 AES-256-GCM),249,116876332231.41
AMD Ryzen 7 7700X @ 5.57GHz (OpenSSL 3.3 AES-256-GCM),250,116804320905.45
AMD Ryzen 7 7700X @ 5.57GHz (OpenSSL 3.3 AES-256-GCM),251,116871467186.36
AMD Ryzen 7 7700X @ 5.57GHz (OpenSSL 3.3 AES-256-GCM),252,116880964588.26
AMD Ryzen 7 7700X @ 5.57GHz (OpenSSL 3.3 AES-256-GCM),253,116834455033.66
AMD Ryzen 7 7700X @ 5.57GHz (OpenSSL 3.3 AES-256-GCM),254,116876731173.94
AMD Ryzen 7 7700X @ 5.57GHz (OpenSSL 3.3 AES-256-GCM),255,116819330612.06
AMD Ryzen 7 7700X @ 5.57GHz (OpenSSL 3.3 AES-256-GCM),256,116810335502.10
AMD Ryzen 7 7700X @ 5.57GHz (OpenSSL 3.3 AES-256-GCM),257,116859618734.87
AMD Ryzen 7 7700X @ 5.57GHz (OpenSSL 3.3 AES-256-GCM),258,116918453360.93
AMD Ryzen 7 7700X @ 5.57GHz (OpenSSL 3.3 AES-256-GCM),259,116837356208.60
AMD Ryzen 7 7700X @ 5.57GHz (OpenSSL 3.3 AES-256-GCM),260,116837302647.02
AMD Ryzen 7 7700X @ 5.57GHz (OpenSSL 3.3 AES-256-GCM),261,116787497565.03
AMD Ryzen 7 7700X @ 5.57GHz (OpenSSL 3.3 AES-256-GCM),262,116819160498.88
AMD Ryzen 7 7700X @ 5.57GHz (OpenSSL 3.3 AES-256-GCM),263,116831553079.66
AMD Ryzen 7 7700X @ 5.57GHz (OpenSSL 3.3 AES-256-GCM),264,116860423733.23
AMD Ryzen 7 7700X @ 5.57GHz (OpenSSL 3.3 AES-256-GCM),265,116822971665.74
AMD Ryzen 7 7700X @ 5.57GHz (OpenSSL 3.3 AES-256-GCM),266,116860604953.67
AMD Ryzen 7 7700X @ 5.57GHz (OpenSSL 3.3 AES-256-GCM),267,116826232003.74
AMD Ryzen 7 7700X @ 5.57GHz (OpenSSL 3.3 AES-256-GCM),268,116923415984.62
AMD Ryzen 7 7700X @ 5.57GHz (OpenSSL 3.3 AES-256-GCM),269,116885094552.69
AMD Ryzen 7 7700X @ 5.57GHz (OpenSSL 3.3 AES-256-GCM),270,116859330340.46
AMD Ryzen 7 7700X @ 5.57GHz (OpenSSL 3.3 AES-256-GCM),271,116816795460.58
AMD Ryzen 7 7700X @ 5.57GHz (OpenSSL 3.3 AES-256-GCM),272,116859415796.98
AMD Ryzen 7 7700X @ 5.57GHz (OpenSSL 3.3 AES-256-GCM),273,116887365455.75
AMD Ryzen 7 7700X @ 5.57GHz (OpenSSL 3.3 AES-256-GCM),274,116873139317.15
AMD Ryzen 7 7700X @ 5.57GHz (OpenSSL 3.3 AES-256-GCM),275,116787983822.00
AMD Ryzen 7 7700X @ 5.57GHz (OpenSSL 3.3 AES-256-GCM),276,116818634242.84
AMD Ryzen 7 7700X @ 5.57GHz (OpenSSL 3.3 AES-256-GCM),277,116784754153.70
AMD Ryzen 7 7700X @ 5.57GHz (OpenSSL 3.3 AES-256-GCM),278,116896555240.17
AMD Ryzen 7 7700X @ 5.57GHz (OpenSSL 3.3 AES-256-GCM),279,116893475500.88
AMD Ryzen 7 7700X @ 5.57GHz (OpenSSL 3.3 AES-256-GCM),280,116839769681.19
AMD Ryzen 7 7700X @ 5.57GHz (OpenSSL 3.3 AES-256-GCM),281,116916062037.81
AMD Ryzen 7 7700X @ 5.57GHz (OpenSSL 3.3 AES-256-GCM),282,116847503367.26
AMD Ryzen 7 7700X @ 5.57GHz (OpenSSL 3.3 AES-256-GCM),283,116865927945.97
AMD Ryzen 7 7700X @ 5.57GHz (OpenSSL 3.3 AES-256-GCM),284,116857239034.60
AMD Ryzen 7 7700X @ 5.57GHz (OpenSSL 3.3 AES-256-GCM),285,116780570339.98
AMD Ryzen 7 7700X @ 5.57GHz (OpenSSL 3.3 AES-256-GCM),286,116897016406.68
AMD Ryzen 7 7700X @ 5.57GHz (OpenSSL 3.3 AES-256-GCM),287,116869855929.18
AMD Ryzen 7 7700X @ 5.57GHz (OpenSSL 3.3 AES-256-GCM),288,116828621212.72
AMD Ryzen 7 7700X @ 5.57GHz (OpenSSL 3.3 AES-256-GCM),289,116894376672.89
AMD Ryzen 7 7700X @ 5.57GHz (OpenSSL 3.3 AES-256-GCM),290,116869158727.11
AMD Ryzen 7 7700X @ 5.57GHz (OpenSSL 3.3 AES-256-GCM),291,116844138326.52
AMD Ryzen 7 7700X @ 5.57GHz (OpenSSL 3.3 AES-256-GCM),292,116864866432.75
AMD Ryzen 7 7700X @ 5.57GHz (OpenSSL 3.3 AES-256-GCM),293,116831655471.24
AMD Ryzen 7 7700X @ 5.57GHz (OpenSSL 3.3 AES-256-GCM),294,116856564040.01
AMD Ryzen 7 7700X @ 5.57GHz (OpenSSL 3.3 AES-256-GCM),295,116881361824.26
AMD Ryzen 7 7700X @ 5.57GHz (OpenSSL 3.3 AES-256-GCM),296,116782279111.58
AMD Ryzen 7 7700X @ 5.57GHz (OpenSSL 3.3 AES-256-GCM),297,116847662655.97
AMD Ryzen 7 7700X @ 5.57GHz (OpenSSL 3.3 AES-256-GCM),298,116874731678.60
AMD Ryzen 7 7700X @ 5.57GHz (OpenSSL 3.3 AES-256-GCM),299,116868816804.62
AMD Ryzen 7 7700X @ 5.57GHz (OpenSSL 3.3 AES-256-GCM),300,116895760229.31
AMD Ryzen 7 7700X @ 5.57GHz (OpenSSL 3.3 AES-256-GCM),301,116876639311.06
AMD Ryzen 7 7700X @ 5.57GHz (OpenSSL 3.3 AES-256-GCM),302,116837190558.57
AMD Ryzen 7 7700X @ 5.57GHz (OpenSSL 3.3 AES-256-GCM),303,116919855337.45
AMD Ryzen 7 7700X @ 5.57GHz (OpenSSL 3.3 AES-256-GCM),304,116789624691.89
AMD Ryzen 7 7700X @ 5.57GHz (OpenSSL 3.3 AES-256-GCM),305,116874593970.72
AMD Ryzen 7 7700X @ 5.57GHz (OpenSSL 3.3 AES-256-GCM),306,116830476004.62
AMD Ryzen 7 7700X @ 5.57GHz (OpenSSL 3.3 AES-256-GCM),307,116889747851.86
AMD Ryzen 7 7700X @ 5.57GHz (OpenSSL 3.3 AES-256-GCM),308,116898755584.17
AMD Ryzen 7 7700X @ 5.57GHz (OpenSSL 3.3 AES-256-GCM),309,116851496111.18
AMD Ryzen 7 7700X @ 5.57GHz (OpenSSL 3.3 AES-256-GCM),310,116775072206.95
AMD Ryzen 7 7700X @ 5.57GHz (OpenSSL 3.3 AES-256-GCM),311,116887277617.01
AMD Ryzen 7 7700X @ 5.57GHz (OpenSSL 3.3 AES-256-GCM),312,116822519057.25
AMD Ryzen 7 7700X @ 5.57GHz (OpenSSL 3.3 AES-256-GCM),313,116789748340.83
AMD Ryzen 7 7700X @ 5.57GHz (OpenSSL 3.3 AES-256-GCM),314,116869335875.83
AMD Ryzen 7 7700X @ 5.57GHz (OpenSSL 3.3 AES-256-GCM),315,116846972849.75
AMD Ryzen 7 7700X @ 5.57GHz (OpenSSL 3.3 AES-256-GCM),316,116890309989.83
AMD Ryzen 7 7700X @ 5.57GHz (OpenSSL 3.3 AES-256-GCM),317,116889067895.86
AMD Ryzen 7 7700X @ 5.57GHz (OpenSSL 3.3 AES-256-GCM),318,116800632675.60
AMD Ryzen 7 7700X @ 5.57GHz (OpenSSL 3.3 AES-256-GCM),319,116928687041.52
AMD Ryzen 7 7700X @ 5.57GHz (OpenSSL 3.3 AES-256-GCM),320,116898120917.14
AMD Ryzen 7 7700X @ 5.57GHz (OpenSSL 3.3 AES-256-GCM),321,116866532794.45
AMD Ryzen 7 7700X @ 5.57GHz (OpenSSL 3.3 AES-256-GCM),322,116816501074.11
AMD Ryzen 7 7700X @ 5.57GHz (OpenSSL 3.3 AES-256-GCM),323,116855431914.96
AMD Ryzen 7 7700X @ 5.57GHz (OpenSSL 3.3 AES-256-GCM),324,116850696171.17
AMD Ryzen 7 7700X @ 5.57GHz (OpenSSL 3.3 AES-256-GCM),325,116840696462.69
AMD Ryzen 7 7700X @ 5.57GHz (OpenSSL 3.3 AES-256-GCM),326,116833743378.04
AMD Ryzen 7 7700X @ 5.57GHz (OpenSSL 3.3 AES-256-GCM),327,116851283156.28
AMD Ryzen 7 7700X @ 5.57GHz (OpenSSL 3.3 AES-256-GCM),328,116798882113.91
AMD Ryzen 7 7700X @ 5.57GHz (OpenSSL 3.3 AES-256-GCM),329,116858027382.54
AMD Ryzen 7 7700X @ 5.57GHz (OpenSSL 3.3 AES-256-GCM),330,116885091496.35
AMD Ryzen 7 7700X @ 5.57GHz (OpenSSL 3.3 AES-256-GCM),331,116855693255.87
AMD Ryzen 7 7700X @ 5.57GHz (OpenSSL 3.3 AES-256-GCM),332,116958440211.65
AMD Ryzen 7 7700X @ 5.57GHz (OpenSSL 3.3 AES-256-GCM),333,116837770742.07
AMD Ryzen 7 7700X @ 5.57GHz (OpenSSL 3.3 AES-256-GCM),334,116886176185.78
AMD Ryzen 7 7700X @ 5.57GHz (OpenSSL 3.3 AES-256-GCM),335,116988933673.84
AMD Ryzen 7 7700X @ 5.57GHz (OpenSSL 3.3 AES-256-GCM),336,116784929378.18
AMD Ryzen 7 7700X @ 5.57GHz (OpenSSL 3.3 AES-256-GCM),337,116820846807.41
AMD Ryzen 7 7700X @ 5.57GHz (OpenSSL 3.3 AES-256-GCM),338,116905905073.18
AMD Ryzen 7 7700X @ 5.57GHz (OpenSSL 3.3 AES-256-GCM),339,116905271566.90
AMD Ryzen 7 7700X @ 5.57GHz (OpenSSL 3.3 AES-256-GCM),340,116810582040.38
AMD Ryzen 7 7700X @ 5.57GHz (OpenSSL 3.3 AES-256-GCM),341,116823357913.06
AMD Ryzen 7 7700X @ 5.57GHz (OpenSSL 3.3 AES-256-GCM),342,116894272995.52
AMD Ryzen 7 7700X @ 5.57GHz (OpenSSL 3.3 AES-256-GCM),343,116895002499.54
AMD Ryzen 7 7700X @ 5.57GHz (OpenSSL 3.3 AES-256-GCM),344,116910644332.81
AMD Ryzen 7 7700X @ 5.57GHz (OpenSSL 3.3 AES-256-GCM),345,116865942629.62
AMD Ryzen 7 7700X @ 5.57GHz (OpenSSL 3.3 AES-256-GCM),346,116803514602.45
AMD Ryzen 7 7700X @ 5.57GHz (OpenSSL 3.3 AES-256-GCM),347,116816665315.58
AMD Ryzen 7 7700X @ 5.57GHz (OpenSSL 3.3 AES-256-GCM),348,116860076016.34
AMD Ryzen 7 7700X @ 5.57GHz (OpenSSL 3.3 AES-256-GCM),349,116932251416.38
AMD Ryzen 7 7700X @ 5.57GHz (OpenSSL 3.3 AES-256-GCM),350,116827708442.43
AMD Ryzen 7 7700X @ 5.57GHz (OpenSSL 3.3 AES-256-GCM),351,116958007022.88
AMD Ryzen 7 7700X @ 5.57GHz (OpenSSL 3.3 AES-256-GCM),352,116841391650.42
AMD Ryzen 7 7700X @ 5.57GHz (OpenSSL 3.3 AES-256-GCM),353,116840636746.18
AMD Ryzen 7 7700X @ 5.57GHz (OpenSSL 3.3 AES-256-GCM),354,116767253287.10
AMD Ryzen 7 7700X @ 5.57GHz (OpenSSL 3.3 AES-256-GCM),355,116876426190.92
AMD Ryzen 7 7700X @ 5.57GHz (OpenSSL 3.3 AES-256-GCM),356,116871614236.49
AMD Ryzen 7 7700X @ 5.57GHz (OpenSSL 3.3 AES-256-GCM),357,116893924947.00
AMD Ryzen 7 7700X @ 5.57GHz (OpenSSL 3.3 AES-256-GCM),358,116869388092.19
AMD Ryzen 7 7700X @ 5.57GHz (OpenSSL 3.3 AES-256-GCM),359,116850067344.47
AMD Ryzen 7 7700X @ 5.57GHz (OpenSSL 3.3 AES-256-GCM),360,116877032776.04
AMD Ryzen 7 7700X @ 5.57GHz (OpenSSL 3.3 AES-256-GCM),361,116844221116.00
AMD Ryzen 7 7700X @ 5.57GHz (OpenSSL 3.3 AES-256-GCM),362,116852309465.79
AMD Ryzen 7 7700X @ 5.57GHz (OpenSSL 3.3 AES-256-GCM),363,116890112055.33
AMD Ryzen 7 7700X @ 5.57GHz (OpenSSL 3.3 AES-256-GCM),364,116893518251.22
AMD Ryzen 7 7700X @ 5.57GHz (OpenSSL 3.3 AES-256-GCM),365,116888730505.03
AMD Ryzen 7 7700X @ 5.57GHz (OpenSSL 3.3 AES-256-GCM),366,116840279180.37
AMD Ryzen 7 7700X @ 5.57GHz (OpenSSL 3.3 AES-256-GCM),367,116807550824.08
AMD Ryzen 7 7700X @ 5.57GHz (OpenSSL 3.3 AES-256-GCM),368,116837473823.84
AMD Ryzen 7 7700X @ 5.57GHz (OpenSSL 3.3 AES-256-GCM),369,116875393770.48
AMD Ryzen 7 7700X @ 5.57GHz (OpenSSL 3.3 AES-256-GCM),370,116919266511.06
AMD Ryzen 7 7700X @ 5.57GHz (OpenSSL 3.3 AES-256-GCM),371,116910040919.54
AMD Ryzen 7 7700X @ 5.57GHz (OpenSSL 3.3 AES-256-GCM),372,116917758186.51
AMD Ryzen 7 7700X @ 5.57GHz (OpenSSL 3.3 AES-256-GCM),373,116885147893.52
AMD Ryzen 7 7700X @ 5.57GHz (OpenSSL 3.3 AES-256-GCM),374,116874150474.04
AMD Ryzen 7 7700X @ 5.57GHz (OpenSSL 3.3 AES-256-GCM),375,116914841970.72
AMD Ryzen 7 7700X @ 5.57GHz (OpenSSL 3.3 AES-256-GCM),376,116903132511.44
AMD Ryzen 7 7700X @ 5.57GHz (OpenSSL 3.3 AES-256-GCM),377,116849490557.52
AMD Ryzen 7 7700X @ 5.57GHz (OpenSSL 3.3 AES-256-GCM),378,116889955594.96
AMD Ryzen 7 7700X @ 5.57GHz (OpenSSL 3.3 AES-256-GCM),379,116839080758.49
AMD Ryzen 7 7700X @ 5.57GHz (OpenSSL 3.3 AES-256-GCM),380,116802066528.61
AMD Ryzen 7 7700X @ 5.57GHz (OpenSSL 3.3 AES-256-GCM),381,116861937761.00
AMD Ryzen 7 7700X @ 5.57GHz (OpenSSL 3.3 AES-256-GCM),382,116864713401.03
AMD Ryzen 7 7700X @ 5.57GHz (OpenSSL 3.3 AES-256-GCM),383,116750229958.70
AMD Ryzen 7 7700X @ 5.57GHz (OpenSSL 3.3 AES-256-GCM),384,116887971083.08
AMD Ryzen 7 7700X @ 5.57GHz (OpenSSL 3.3 AES-256-GCM),385,116947533024.32
AMD Ryzen 7 7700X @ 5.57GHz (OpenSSL 3.3 AES-256-GCM),386,116868537170.64
AMD Ryzen 7 7700X @ 5.57GHz (OpenSSL 3.3 AES-256-GCM),387,116763291142.38
AMD Ryzen 7 7700X @ 5.57GHz (OpenSSL 3.3 AES-256-GCM),388,116865874311.77
AMD Ryzen 7 7700X @ 5.57GHz (OpenSSL 3.3 AES-256-GCM),389,116894599793.44
AMD Ryzen 7 7700X @ 5.57GHz (OpenSSL 3.3 AES-256-GCM),390,116825458076.60
AMD Ryzen 7 7700X @ 5.57GHz (OpenSSL 3.3 AES-256-GCM),391,116872105802.27
AMD Ryzen 7 7700X @ 5.57GHz (OpenSSL 3.3 AES-256-GCM),392,116905089124.62
AMD Ryzen 7 7700X @ 5.57GHz (OpenSSL 3.3 AES-256-GCM),393,116827302420.25
AMD Ryzen 7 7700X @ 5.57GHz (OpenSSL 3.3 AES-256-GCM),394,116849176870.85
AMD Ryzen 7 7700X @ 5.57GHz (OpenSSL 3.3 AES-256-GCM),395,116881272919.24
AMD Ryzen 7 7700X @ 5.57GHz (OpenSSL 3.3 AES-256-GCM),396,116885314922.73
AMD Ryzen 7 7700X @ 5.57GHz (OpenSSL 3.3 AES-256-GCM),397,116862321412.93
AMD Ryzen 7 7700X @ 5.57GHz (OpenSSL 3.3 AES-256-GCM),398,116916359292.88
AMD Ryzen 7 7700X @ 5.57GHz (OpenSSL 3.3 AES-256-GCM),399,116902677245.19
AMD Ryzen 7 7700X @ 5.57GHz (OpenSSL 3.3 AES-256-GCM),400,116830607364.87
AMD Ryzen 7 7700X @ 5.57GHz (OpenSSL 3.3 AES-256-GCM),401,116882745245.32
AMD Ryzen 7 7700X @ 5.57GHz (OpenSSL 3.3 AES-256-GCM),402,116915611963.71
AMD Ryzen 7 7700X @ 5.57GHz (OpenSSL 3.3 AES-256-GCM),403,116875165209.94
AMD Ryzen 7 7700X @ 5.57GHz (OpenSSL 3.3 AES-256-GCM),404,116864132035.00
AMD Ryzen 7 7700X @ 5.57GHz (OpenSSL 3.3 AES-256-GCM),405,116888465041.84
AMD Ryzen 7 7700X @ 5.57GHz (OpenSSL 3.3 AES-256-GCM),406,116882813849.18
AMD Ryzen 7 7700X @ 5.57GHz (OpenSSL 3.3 AES-256-GCM),407,116876916327.06
AMD Ryzen 7 7700X @ 5.57GHz (OpenSSL 3.3 AES-256-GCM),408,116773946685.35
AMD Ryzen 7 7700X @ 5.57GHz (OpenSSL 3.3 AES-256-GCM),409,116819114351.93
AMD Ryzen 7 7700X @ 5.57GHz (OpenSSL 3.3 AES-256-GCM),410,116881553144.46
AMD Ryzen 7 7700X @ 5.57GHz (OpenSSL 3.3 AES-256-GCM),411,116869216905.38
AMD Ryzen 7 7700X @ 5.57GHz (OpenSSL 3.3 AES-256-GCM),412,116852061815.83
AMD Ryzen 7 7700X @ 5.57GHz (OpenSSL 3.3 AES-256-GCM),413,116857310547.27
AMD Ryzen 7 7700X @ 5.57GHz (OpenSSL 3.3 AES-256-GCM),414,116838964922.12
AMD Ryzen 7 7700X @ 5.57GHz (OpenSSL 3.3 AES-256-GCM),415,116899837009.01
AMD Ryzen 7 7700X @ 5.57GHz (OpenSSL 3.3 AES-256-GCM),416,116875337862.38
AMD Ryzen 7 7700X @ 5.57GHz (OpenSSL 3.3 AES-256-GCM),417,116830638207.73
AMD Ryzen 7 7700X @ 5.57GHz (OpenSSL 3.3 AES-256-GCM),418,116864930456.88
AMD Ryzen 7 7700X @ 5.57GHz (OpenSSL 3.3 AES-256-GCM),419,116849972593.16
AMD Ryzen 7 7700X @ 5.57GHz (OpenSSL 3.3 AES-256-GCM),420,116894084668.33
AMD Ryzen 7 7700X @ 5.57GHz (OpenSSL 3.3 AES-256-GCM),421,116841069111.05
AMD Ryzen 7 7700X @ 5.57GHz (OpenSSL 3.3 AES-256-GCM),422,116837928956.04
AMD Ryzen 7 7700X @ 5.57GHz (OpenSSL 3.3 AES-256-GCM),423,116827117098.78
AMD Ryzen 7 7700X @ 5.57GHz (OpenSSL 3.3 AES-256-GCM),424,116830389325.38
AMD Ryzen 7 7700X @ 5.57GHz (OpenSSL 3.3 AES-256-GCM),425,116833590439.52
AMD Ryzen 7 7700X @ 5.57GHz (OpenSSL 3.3 AES-256-GCM),426,116851342880.18
AMD Ryzen 7 7700X @ 5.57GHz (OpenSSL 3.3 AES-256-GCM),427,116853796950.43
AMD Ryzen 7 7700X @ 5.57GHz (OpenSSL 3.3 AES-256-GCM),428,116827168704.31
AMD Ryzen 7 7700X @ 5.57GHz (OpenSSL 3.3 AES-256-GCM),429,116817771735.22
AMD Ryzen 7 7700X @ 5.57GHz (OpenSSL 3.3 AES-256-GCM),430,116833260654.02
AMD Ryzen 7 7700X @ 5.57GHz (OpenSSL 3.3 AES-256-GCM),431,116837280341.69
AMD Ryzen 7 7700X @ 5.57GHz (OpenSSL 3.3 AES-256-GCM),432,116886087493.21
AMD Ryzen 7 7700X @ 5.57GHz (OpenSSL 3.3 AES-256-GCM),433,116794364236.52
AMD Ryzen 7 7700X @ 5.57GHz (OpenSSL 3.3 AES-256-GCM),434,116837572388.50
AMD Ryzen 7 7700X @ 5.57GHz (OpenSSL 3.3 AES-256-GCM),435,116898929232.94
AMD Ryzen 7 7700X @ 5.57GHz (OpenSSL 3.3 AES-256-GCM),436,116860433066.47
AMD Ryzen 7 7700X @ 5.57GHz (OpenSSL 3.3 AES-256-GCM),437,116908401552.68
AMD Ryzen 7 7700X @ 5.57GHz (OpenSSL 3.3 AES-256-GCM),438,116818316356.81
AMD Ryzen 7 7700X @ 5.57GHz (OpenSSL 3.3 AES-256-GCM),439,116923382658.91
AMD Ryzen 7 7700X @ 5.57GHz (OpenSSL 3.3 AES-256-GCM),440,116844935744.91
AMD Ryzen 7 7700X @ 5.57GHz (OpenSSL 3.3 AES-256-GCM),441,116957583644.23
AMD Ryzen 7 7700X @ 5.57GHz (OpenSSL 3.3 AES-256-GCM),442,116887574787.19
AMD Ryzen 7 7700X @ 5.57GHz (OpenSSL 3.3 AES-256-GCM),443,116878458256.15
AMD Ryzen 7 7700X @ 5.57GHz (OpenSSL 3.3 AES-256-GCM),444,116778480317.02
AMD Ryzen 7 7700X @ 5.57GHz (OpenSSL 3.3 AES-256-GCM),445,116859960823.10
AMD Ryzen 7 7700X @ 5.57GHz (OpenSSL 3.3 AES-256-GCM),446,116889671106.19
AMD Ryzen 7 7700X @ 5.57GHz (OpenSSL 3.3 AES-256-GCM),447,116865362318.28
AMD Ryzen 7 7700X @ 5.57GHz (OpenSSL 3.3 AES-256-GCM),448,116920330754.94
AMD Ryzen 7 7700X @ 5.57GHz (OpenSSL 3.3 AES-256-GCM),449,116870458851.97
AMD Ryzen 7 7700X @ 5.57GHz (OpenSSL 3.3 AES-256-GCM),450,116856055269.12
AMD Ryzen 7 7700X @ 5.57GHz (OpenSSL 3.3 AES-256-GCM),451,116824783132.51
AMD Ryzen 7 7700X @ 5.57GHz (OpenSSL 3.3 AES-256-GCM),452,116830521204.56
AMD Ryzen 7 7700X @ 5.57GHz (OpenSSL 3.3 AES-256-GCM),453,116841281147.60
AMD Ryzen 7 7700X @ 5.57GHz (OpenSSL 3.3 AES-256-GCM),454,116791338975.54
AMD Ryzen 7 7700X @ 5.57GHz (OpenSSL 3.3 AES-256-GCM),455,116817614746.25
AMD Ryzen 7 7700X @ 5.57GHz (OpenSSL 3.3 AES-256-GCM),456,116808038767.05
AMD Ryzen 7 7700X @ 5.57GHz (OpenSSL 3.3 AES-256-GCM),457,116885608820.93
AMD Ryzen 7 7700X @ 5.57GHz (OpenSSL 3.3 AES-256-GCM),458,116834223616.10
AMD Ryzen 7 7700X @ 5.57GHz (OpenSSL 3.3 AES-256-GCM),459,116832454520.81
AMD Ryzen 7 7700X @ 5.57GHz (OpenSSL 3.3 AES-256-GCM),460,116824501958.70
AMD Ryzen 7 7700X @ 5.57GHz (OpenSSL 3.3 AES-256-GCM),461,116849916776.19
AMD Ryzen 7 7700X @ 5.57GHz (OpenSSL 3.3 AES-256-GCM),462,116859833261.98
AMD Ryzen 7 7700X @ 5.57GHz (OpenSSL 3.3 AES-256-GCM),463,116808100296.02
AMD Ryzen 7 7700X @ 5.57GHz (OpenSSL 3.3 AES-256-GCM),464,116876593003.72
AMD Ryzen 7 7700X @ 5.57GHz (OpenSSL 3.3 AES-256-GCM),465,116852883058.50
AMD Ryzen 7 7700X @ 5.57GHz (OpenSSL 3.3 AES-256-GCM),466,116813974092.42
AMD Ryzen 7 7700X @ 5.57GHz (OpenSSL 3.3 AES-256-GCM),467,116865958587.13
AMD Ryzen 7 7700X @ 5.57GHz (OpenSSL 3.3 AES-256-GCM),468,116914117913.52
AMD Ryzen 7 7700X @ 5.57GHz (OpenSSL 3.3 AES-256-GCM),469,116817349806.57
AMD Ryzen 7 7700X @ 5.57GHz (OpenSSL 3.3 AES-256-GCM),470,116889176161.39
AMD Ryzen 7 7700X @ 5.57GHz (OpenSSL 3.3 AES-256-GCM),471,116905098717.42
AMD Ryzen 7 7700X @ 5.57GHz (OpenSSL 3.3 AES-256-GCM),472,116815328988.37
AMD Ryzen 7 7700X @ 5.57GHz (OpenSSL 3.3 AES-256-GCM),473,116893350507.63
AMD Ryzen 7 7700X @ 5.57GHz (OpenSSL 3.3 AES-256-GCM),474,116841212808.64
AMD Ryzen 7 7700X @ 5.57GHz (OpenSSL 3.3 AES-256-GCM),475,116837833614.97
AMD Ryzen 7 7700X @ 5.57GHz (OpenSSL 3.3 AES-256-GCM),476,116839718269.42
AMD Ryzen 7 7700X @ 5.57GHz (OpenSSL 3.3 AES-256-GCM),477,116874157556.82
AMD Ryzen 7 7700X @ 5.57GHz (OpenSSL 3.3 AES-256-GCM),478,116867460739.44
AMD Ryzen 7 7700X @ 5.57GHz (OpenSSL 3.3 AES-256-GCM),479,116844398846.78
AMD Ryzen 7 7700X @ 5.57GHz (OpenSSL 3.3 AES-256-GCM),480,116878187635.58
AMD Ryzen 7 7700X @ 5.57GHz (OpenSSL 3.3 AES-256-GCM),481,116855147152.91
AMD Ryzen 7 7700X @ 5.57GHz (OpenSSL 3.3 AES-256-GCM),482,116889440268.61
AMD Ryzen 7 7700X @ 5.57GHz (OpenSSL 3.3 AES-256-GCM),483,116875236883.22
AMD Ryzen 7 7700X @ 5.57GHz (OpenSSL 3.3 AES-256-GCM),484,116920662095.95
AMD Ryzen 7 7700X @ 5.57GHz (OpenSSL 3.3 AES-256-GCM),485,116869554626.44
AMD Ryzen 7 7700X @ 5.57GHz (OpenSSL 3.3 AES-256-GCM),486,116902488369.83
AMD Ryzen 7 7700X @ 5.57GHz (OpenSSL 3.3 AES-256-GCM),487,116924329110.30
AMD Ryzen 7 7700X @ 5.57GHz (OpenSSL 3.3 AES-256-GCM),488,116889709149.50
AMD Ryzen 7 7700X @ 5.57GHz (OpenSSL 3.3 AES-256-GCM),489,116838251949.29
AMD Ryzen 7 7700X @ 5.57GHz (OpenSSL 3.3 AES-256-GCM),490,116818421005.32
AMD Ryzen 7 7700X @ 5.57GHz (OpenSSL 3.3 AES-256-GCM),491,116906919137.71
AMD Ryzen 7 7700X @ 5.57GHz (OpenSSL 3.3 AES-256-GCM),492,116879293298.00
AMD Ryzen 7 7700X @ 5.57GHz (OpenSSL 3.3 AES-256-GCM),493,116838153967.33
AMD Ryzen 7 7700X @ 5.57GHz (OpenSSL 3.3 AES-256-GCM),494,116878643420.52
AMD Ryzen 7 7700X @ 5.57GHz (OpenSSL 3.3 AES-256-GCM),495,116831907952.15
AMD Ryzen 7 7700X @ 5.57GHz (OpenSSL 3.3 AES-256-GCM),496,116846342599.17
AMD Ryzen 7 7700X @ 5.57GHz (OpenSSL 3.3 AES-256-GCM),497,116799786617.81
AMD Ryzen 7 7700X @ 5.57GHz (OpenSSL 3.3 AES-256-GCM),498,116860690743.30
AMD Ryzen 7 7700X @ 5.57GHz (OpenSSL 3.3 AES-256-GCM),499,116870797223.94
AMD Ryzen 7 7700X @ 5.57GHz (OpenSSL 3.3 AES-256-GCM),500,116868142819.61
AMD Ryzen 7 7700X @ 5.57GHz (OpenSSL 3.3 AES-256-GCM),501,116818562185.41
AMD Ryzen 7 7700X @ 5.57GHz (OpenSSL 3.3 AES-256-GCM),502,116847356979.02
AMD Ryzen 7 7700X @ 5.57GHz (OpenSSL 3.3 AES-256-GCM),503,116859619064.09
AMD Ryzen 7 7700X @ 5.57GHz (OpenSSL 3.3 AES-256-GCM),504,116880428155.85
AMD Ryzen 7 7700X @ 5.57GHz (OpenSSL 3.3 AES-256-GCM),505,116860634039.07
AMD Ryzen 7 7700X @ 5.57GHz (OpenSSL 3.3 AES-256-GCM),506,116859591546.33
AMD Ryzen 7 7700X @ 5.57GHz (OpenSSL 3.3 AES-256-GCM),507,116855713881.69
AMD Ryzen 7 7700X @ 5.57GHz (OpenSSL 3.3 AES-256-GCM),508,116844840222.34
AMD Ryzen 7 7700X @ 5.57GHz (OpenSSL 3.3 AES-256-GCM),509,116854640077.18
AMD Ryzen 7 7700X @ 5.57GHz (OpenSSL 3.3 AES-256-GCM),510,116860371196.10
AMD Ryzen 7 7700X @ 5.57GHz (OpenSSL 3.3 AES-256-GCM),511,116899329620.73
AMD Ryzen 7 7700X @ 5.57GHz (OpenSSL 3.3 AES-256-GCM),512,116901027599.53
AMD Ryzen 7 7700X @ 5.57GHz (OpenSSL 3.3 AES-256-GCM),513,116864799583.12
AMD Ryzen 7 7700X @ 5.57GHz (OpenSSL 3.3 AES-256-GCM),514,116852117263.09
AMD Ryzen 7 7700X @ 5.57GHz (OpenSSL 3.3 AES-256-GCM),515,116893742126.22
AMD Ryzen 7 7700X @ 5.57GHz (OpenSSL 3.3 AES-256-GCM),516,116892576031.15
AMD Ryzen 7 7700X @ 5.57GHz (OpenSSL 3.3 AES-256-GCM),517,116893014656.84
AMD Ryzen 7 7700X @ 5.57GHz (OpenSSL 3.3 AES-256-GCM),518,116854063718.77
AMD Ryzen 7 7700X @ 5.57GHz (OpenSSL 3.3 AES-256-GCM),519,116853262534.56
AMD Ryzen 7 7700X @ 5.57GHz (OpenSSL 3.3 AES-256-GCM),520,116856872684.19
AMD Ryzen 7 7700X @ 5.57GHz (OpenSSL 3.3 AES-256-GCM),521,116845064936.97
AMD Ryzen 7 7700X @ 5.57GHz (OpenSSL 3.3 AES-256-GCM),522,116832862101.21
AMD Ryzen 7 7700X @ 5.57GHz (OpenSSL 3.3 AES-256-GCM),523,116861728671.38
AMD Ryzen 7 7700X @ 5.57GHz (OpenSSL 3.3 AES-256-GCM),524,116841033330.86
AMD Ryzen 7 7700X @ 5.57GHz (OpenSSL 3.3 AES-256-GCM),525,116859927157.25
AMD Ryzen 7 7700X @ 5.57GHz (OpenSSL 3.3 AES-256-GCM),526,116778194039.90
AMD Ryzen 7 7700X @ 5.57GHz (OpenSSL 3.3 AES-256-GCM),527,116841015408.70
AMD Ryzen 7 7700X @ 5.57GHz (OpenSSL 3.3 AES-256-GCM),528,116871050017.75
AMD Ryzen 7 7700X @ 5.57GHz (OpenSSL 3.3 AES-256-GCM),529,116897786845.30
AMD Ryzen 7 7700X @ 5.57GHz (OpenSSL 3.3 AES-256-GCM),530,116841776168.23
AMD Ryzen 7 7700X @ 5.57GHz (OpenSSL 3.3 AES-256-GCM),531,116792352335.24
AMD Ryzen 7 7700X @ 5.57GHz (OpenSSL 3.3 AES-256-GCM),532,116898897389.59
AMD Ryzen 7 7700X @ 5.57GHz (OpenSSL 3.3 AES-256-GCM),533,116864923348.31
AMD Ryzen 7 7700X @ 5.57GHz (OpenSSL 3.3 AES-256-GCM),534,116794214154.43
AMD Ryzen 7 7700X @ 5.57GHz (OpenSSL 3.3 AES-256-GCM),535,116810361449.24
AMD Ryzen 7 7700X @ 5.57GHz (OpenSSL 3.3 AES-256-GCM),536,116848057166.37
AMD Ryzen 7 7700X @ 5.57GHz (OpenSSL 3.3 AES-256-GCM),537,116810275340.73
AMD Ryzen 7 7700X @ 5.57GHz (OpenSSL 3.3 AES-256-GCM),538,116845877891.89
AMD Ryzen 7 7700X @ 5.57GHz (OpenSSL 3.3 AES-256-GCM),539,116864777893.10
AMD Ryzen 7 7700X @ 5.57GHz (OpenSSL 3.3 AES-256-GCM),540,116822255288.63
AMD Ryzen 7 7700X @ 5.57GHz (OpenSSL 3.3 AES-256-GCM),541,116831893864.09
AMD Ryzen 7 7700X @ 5.57GHz (OpenSSL 3.3 AES-256-GCM),542,116831830338.84
AMD Ryzen 7 7700X @ 5.57GHz (OpenSSL 3.3 AES-256-GCM),543,116815320413.48
AMD Ryzen 7 7700X @ 5.57GHz (OpenSSL 3.3 AES-256-GCM),544,116859863820.83
AMD Ryzen 7 7700X @ 5.57GHz (OpenSSL 3.3 AES-256-GCM),545,116878559607.27
AMD Ryzen 7 7700X @ 5.57GHz (OpenSSL 3.3 AES-256-GCM),546,116803818157.62
AMD Ryzen 7 7700X @ 5.57GHz (OpenSSL 3.3 AES-256-GCM),547,116859860292.05
AMD Ryzen 7 7700X @ 5.57GHz (OpenSSL 3.3 AES-256-GCM),548,116844713126.98
AMD Ryzen 7 7700X @ 5.57GHz (OpenSSL 3.3 AES-256-GCM),549,116804610888.51
AMD Ryzen 7 7700X @ 5.57GHz (OpenSSL 3.3 AES-256-GCM),550,116880799233.45
AMD Ryzen 7 7700X @ 5.57GHz (OpenSSL 3.3 AES-256-GCM),551,116801519112.70
AMD Ryzen 7 7700X @ 5.57GHz (OpenSSL 3.3 AES-256-GCM),552,116867525115.57
AMD Ryzen 7 7700X @ 5.57GHz (OpenSSL 3.3 AES-256-GCM),553,116877925454.10
AMD Ryzen 7 7700X @ 5.57GHz (OpenSSL 3.3 AES-256-GCM),554,116911832089.14
AMD Ryzen 7 7700X @ 5.57GHz (OpenSSL 3.3 AES-256-GCM),555,116852871416.67
AMD Ryzen 7 7700X @ 5.57GHz (OpenSSL 3.3 AES-256-GCM),556,116867482533.09
AMD Ryzen 7 7700X @ 5.57GHz (OpenSSL 3.3 AES-256-GCM),557,116855245845.56
AMD Ryzen 7 7700X @ 5.57GHz (OpenSSL 3.3 AES-256-GCM),558,116846755195.97
AMD Ryzen 7 7700X @ 5.57GHz (OpenSSL 3.3 AES-256-GCM),559,116855038773.16
AMD Ryzen 7 7700X @ 5.57GHz (OpenSSL 3.3 AES-256-GCM),560,116855490469.71
AMD Ryzen 7 7700X @ 5.57GHz (OpenSSL 3.3 AES-256-GCM),561,116862693550.35
AMD Ryzen 7 7700X @ 5.57GHz (OpenSSL 3.3 AES-256-GCM),562,116836594208.10
AMD Ryzen 7 7700X @ 5.57GHz (OpenSSL 3.3 AES-256-GCM),563,116913454851.97
AMD Ryzen 7 7700X @ 5.57GHz (OpenSSL 3.3 AES-256-GCM),564,116907642529.44
AMD Ryzen 7 7700X @ 5.57GHz (OpenSSL 3.3 AES-256-GCM),565,116821515482.23
AMD Ryzen 7 7700X @ 5.57GHz (OpenSSL 3.3 AES-256-GCM),566,116867968593.87
AMD Ryzen 7 7700X @ 5.57GHz (OpenSSL 3.3 AES-256-GCM),567,116822617344.57
AMD Ryzen 7 7700X @ 5.57GHz (OpenSSL 3.3 AES-256-GCM),568,116925120081.41
AMD Ryzen 7 7700X @ 5.57GHz (OpenSSL 3.3 AES-256-GCM),569,116872341385.83
AMD Ryzen 7 7700X @ 5.57GHz (OpenSSL 3.3 AES-256-GCM),570,116842811281.72
AMD Ryzen 7 7700X @ 5.57GHz (OpenSSL 3.3 AES-256-GCM),571,116911360734.99
AMD Ryzen 7 7700X @ 5.57GHz (OpenSSL 3.3 AES-256-GCM),572,116867995565.71
AMD Ryzen 7 7700X @ 5.57GHz (OpenSSL 3.3 AES-256-GCM),573,116870412953.58
AMD Ryzen 7 7700X @ 5.57GHz (OpenSSL 3.3 AES-256-GCM),574,116827662204.06
AMD Ryzen 7 7700X @ 5.57GHz (OpenSSL 3.3 AES-256-GCM),575,116840403601.38
AMD Ryzen 7 7700X @ 5.57GHz (OpenSSL 3.3 AES-256-GCM),576,116877687127.17
AMD Ryzen 7 7700X @ 5.57GHz (OpenSSL 3.3 AES-256-GCM),577,116877677596.18
AMD Ryzen 7 7700X @ 5.57GHz (OpenSSL 3.3 AES-256-GCM),578,116868520153.66
AMD Ryzen 7 7700X @ 5.57GHz (OpenSSL 3.3 AES-256-GCM),579,116922347948.49
AMD Ryzen 7 7700X @ 5.57GHz (OpenSSL 3.3 AES-256-GCM),580,116824830357.27
AMD Ryzen 7 7700X @ 5.57GHz (OpenSSL 3.3 AES-256-GCM),581,116916566429.62
AMD Ryzen 7 7700X @ 5.57GHz (OpenSSL 3.3 AES-256-GCM),582,116864018515.67
AMD Ryzen 7 7700X @ 5.57GHz (OpenSSL 3.3 AES-256-GCM),583,116805057862.34
AMD Ryzen 7 7700X @ 5.57GHz (OpenSSL 3.3 AES-256-GCM),584,116828508091.42
AMD Ryzen 7 7700X @ 5.57GHz (OpenSSL 3.3 AES-256-GCM),585,116862965930.82
AMD Ryzen 7 7700X @ 5.57GHz (OpenSSL 3.3 AES-256-GCM),586,116811075119.78
AMD Ryzen 7 7700X @ 5.57GHz (OpenSSL 3.3 AES-256-GCM),587,116850457629.10
AMD Ryzen 7 7700X @ 5.57GHz (OpenSSL 3.3 AES-256-GCM),588,116871982727.08
AMD Ryzen 7 7700X @ 5.57GHz (OpenSSL 3.3 AES-256-GCM),589,116882569246.00
AMD Ryzen 7 7700X @ 5.57GHz (OpenSSL 3.3 AES-256-GCM),590,116862388335.27
AMD Ryzen 7 7700X @ 5.57GHz (OpenSSL 3.3 AES-256-GCM),591,116842929534.86
AMD Ryzen 7 7700X @ 5.57GHz (OpenSSL 3.3 AES-256-GCM),592,116808796103.66
AMD Ryzen 7 7700X @ 5.57GHz (OpenSSL 3.3 AES-256-GCM),593,116792468094.34
AMD Ryzen 7 7700X @ 5.57GHz (OpenSSL 3.3 AES-256-GCM),594,116787900119.03
AMD Ryzen 7 7700X @ 5.57GHz (OpenSSL 3.3 AES-256-GCM),595,116870719779.68
AMD Ryzen 7 7700X @ 5.57GHz (OpenSSL 3.3 AES-256-GCM),596,116911658250.60
AMD Ryzen 7 7700X @ 5.57GHz (OpenSSL 3.3 AES-256-GCM),597,116807736876.07
AMD Ryzen 7 7700X @ 5.57GHz (OpenSSL 3.3 AES-256-GCM),598,116855665714.35
AMD Ryzen 7 7700X @ 5.57GHz (OpenSSL 3.3 AES-256-GCM),599,116852826118.65
AMD Ryzen 7 7700X @ 5.57GHz (OpenSSL 3.3 AES-256-GCM),600,116817061141.30
AMD Ryzen 7 7700X @ 5.57GHz (OpenSSL 3.3 AES-256-GCM),601,116808943887.33
AMD Ryzen 7 7700X @ 5.57GHz (OpenSSL 3.3 AES-256-GCM),602,116876312890.80
AMD Ryzen 7 7700X @ 5.57GHz (OpenSSL 3.3 AES-256-GCM),603,116900702885.72
AMD Ryzen 7 7700X @ 5.57GHz (OpenSSL 3.3 AES-256-GCM),604,116891500942.81
AMD Ryzen 7 7700X @ 5.57GHz (OpenSSL 3.3 AES-256-GCM),605,116796363922.68
AMD Ryzen 7 7700X @ 5.57GHz (OpenSSL 3.3 AES-256-GCM),606,116903850529.95
AMD Ryzen 7 7700X @ 5.57GHz (OpenSSL 3.3 AES-256-GCM),607,116809713986.29
AMD Ryzen 7 7700X @ 5.57GHz (OpenSSL 3.3 AES-256-GCM),608,116871255941.36
AMD Ryzen 7 7700X @ 5.57GHz (OpenSSL 3.3 AES-256-GCM),609,116888313297.83
AMD Ryzen 7 7700X @ 5.57GHz (OpenSSL 3.3 AES-256-GCM),610,116878118675.71
AMD Ryzen 7 7700X @ 5.57GHz (OpenSSL 3.3 AES-256-GCM),611,116851973750.74
AMD Ryzen 7 7700X @ 5.57GHz (OpenSSL 3.3 AES-256-GCM),612,116906124817.29
AMD Ryzen 7 7700X @ 5.57GHz (OpenSSL 3.3 AES-256-GCM),613,116880678128.85
AMD Ryzen 7 7700X @ 5.57GHz (OpenSSL 3.3 AES-256-GCM),614,116859422035.06
AMD Ryzen 7 7700X @ 5.57GHz (OpenSSL 3.3 AES-256-GCM),615,116856469501.55
AMD Ryzen 7 7700X @ 5.57GHz (OpenSSL 3.3 AES-256-GCM),616,116866534840.08
AMD Ryzen 7 7700X @ 5.57GHz (OpenSSL 3.3 AES-256-GCM),617,116879460433.45
AMD Ryzen 7 7700X @ 5.57GHz (OpenSSL 3.3 AES-256-GCM),618,116819140187.87
AMD Ryzen 7 7700X @ 5.57GHz (OpenSSL 3.3 AES-256-GCM),619,116854222850.60
AMD Ryzen 7 7700X @ 5.57GHz (OpenSSL 3.3 AES-256-GCM),620,116857702191.44
AMD Ryzen 7 7700X @ 5.57GHz (OpenSSL 3.3 AES-256-GCM),621,116825816671.45
AMD Ryzen 7 7700X @ 5.57GHz (OpenSSL 3.3 AES-256-GCM),622,116825384495.28
AMD Ryzen 7 7700X @ 5.57GHz (OpenSSL 3.3 AES-256-GCM),623,116869548529.84
AMD Ryzen 7 7700X @ 5.57GHz (OpenSSL 3.3 AES-256-GCM),624,116842374941.07
AMD Ryzen 7 7700X @ 5.57GHz (OpenSSL 3.3 AES-256-GCM),625,116888029505.12
AMD Ryzen 7 7700X @ 5.57GHz (OpenSSL 3.3 AES-256-GCM),626,116900749009.83
AMD Ryzen 7 7700X @ 5.57GHz (OpenSSL 3.3 AES-256-GCM),627,116817057502.09
AMD Ryzen 7 7700X @ 5.57GHz (OpenSSL 3.3 AES-256-GCM),628,116953141132.43
AMD Ryzen 7 7700X @ 5.57GHz (OpenSSL 3.3 AES-256-GCM),629,116922711861.56
AMD Ryzen 7 7700X @ 5.57GHz (OpenSSL 3.3 AES-256-GCM),630,116834106501.64
AMD Ryzen 7 7700X @ 5.57GHz (OpenSSL 3.3 AES-256-GCM),631,116882505283.05
AMD Ryzen 7 7700X @ 5.57GHz (OpenSSL 3.3 AES-256-GCM),632,116929798661.76
AMD Ryzen 7 7700X @ 5.57GHz (OpenSSL 3.3 AES-256-GCM),633,116799851830.70
AMD Ryzen 7 7700X @ 5.57GHz (OpenSSL 3.3 AES-256-GCM),634,116852261399.13
AMD Ryzen 7 7700X @ 5.57GHz (OpenSSL 3.3 AES-256-GCM),635,116878616890.24
AMD Ryzen 7 7700X @ 5.57GHz (OpenSSL 3.3 AES-256-GCM),636,116868720749.56
AMD Ryzen 7 7700X @ 5.57GHz (OpenSSL 3.3 AES-256-GCM),637,116910298166.38
AMD Ryzen 7 7700X @ 5.57GHz (OpenSSL 3.3 AES-256-GCM),638,116859881799.01
AMD Ryzen 7 7700X @ 5.57GHz (OpenSSL 3.3 AES-256-GCM),639,116881988244.80
AMD Ryzen 7 7700X @ 5.57GHz (OpenSSL 3.3 AES-256-GCM),640,116887110292.88
AMD Ryzen 7 7700X @ 5.57GHz (OpenSSL 3.3 AES-256-GCM),641,116895776883.15
AMD Ryzen 7 7700X @ 5.57GHz (OpenSSL 3.3 AES-256-GCM),642,116823453173.66
AMD Ryzen 7 7700X @ 5.57GHz (OpenSSL 3.3 AES-256-GCM),643,116864056154.02
AMD Ryzen 7 7700X @ 5.57GHz (OpenSSL 3.3 AES-256-GCM),644,116867933356.78
AMD Ryzen 7 7700X @ 5.57GHz (OpenSSL 3.3 AES-256-GCM),645,116855149223.66
AMD Ryzen 7 7700X @ 5.57GHz (OpenSSL 3.3 AES-256-GCM),646,116957581931.77
AMD Ryzen 7 7700X @ 5.57GHz (OpenSSL 3.3 AES-256-GCM),647,116850106069.62
AMD Ryzen 7 7700X @ 5.57GHz (OpenSSL 3.3 AES-256-GCM),648,116881433538.81
AMD Ryzen 7 7700X @ 5.57GHz (OpenSSL 3.3 AES-256-GCM),649,116875501089.45
AMD Ryzen 7 7700X @ 5.57GHz (OpenSSL 3.3 AES-256-GCM),650,116895265493.08
AMD Ryzen 7 7700X @ 5.57GHz (OpenSSL 3.3 AES-256-GCM),651,116868089884.87
AMD Ryzen 7 7700X @ 5.57GHz (OpenSSL 3.3 AES-256-GCM),652,116853366818.97
AMD Ryzen 7 7700X @ 5.57GHz (OpenSSL 3.3 AES-256-GCM),653,116866526139.53
AMD Ryzen 7 7700X @ 5.57GHz (OpenSSL 3.3 AES-256-GCM),654,116834112727.25
AMD Ryzen 7 7700X @ 5.57GHz (OpenSSL 3.3 AES-256-GCM),655,116856363089.81
AMD Ryzen 7 7700X @ 5.57GHz (OpenSSL 3.3 AES-256-GCM),656,116841386291.81
AMD Ryzen 7 7700X @ 5.57GHz (OpenSSL 3.3 AES-256-GCM),657,116799613855.69
AMD Ryzen 7 7700X @ 5.57GHz (OpenSSL 3.3 AES-256-GCM),658,116848620690.73
AMD Ryzen 7 7700X @ 5.57GHz (OpenSSL 3.3 AES-256-GCM),659,116834917473.08
AMD Ryzen 7 7700X @ 5.57GHz (OpenSSL 3.3 AES-256-GCM),660,116801850670.00
AMD Ryzen 7 7700X @ 5.57GHz (OpenSSL 3.3 AES-256-GCM),661,116837690901.38
AMD Ryzen 7 7700X @ 5.57GHz (OpenSSL 3.3 AES-256-GCM),662,116864873890.22
AMD Ryzen 7 7700X @ 5.57GHz (OpenSSL 3.3 AES-256-GCM),663,116856518024.23
AMD Ryzen 7 7700X @ 5.57GHz (OpenSSL 3.3 AES-256-GCM),664,116910213107.94
AMD Ryzen 7 7700X @ 5.57GHz (OpenSSL 3.3 AES-256-GCM),665,116855113686.13
AMD Ryzen 7 7700X @ 5.57GHz (OpenSSL 3.3 AES-256-GCM),666,116884969285.24
AMD Ryzen 7 7700X @ 5.57GHz (OpenSSL 3.3 AES-256-GCM),667,116841716695.61
AMD Ryzen 7 7700X @ 5.57GHz (OpenSSL 3.3 AES-256-GCM),668,116898967142.56
AMD Ryzen 7 7700X @ 5.57GHz (OpenSSL 3.3 AES-256-GCM),669,116816373739.47
AMD Ryzen 7 7700X @ 5.57GHz (OpenSSL 3.3 AES-256-GCM),670,116824201836.78
AMD Ryzen 7 7700X @ 5.57GHz (OpenSSL 3.3 AES-256-GCM),671,116881463229.06
AMD Ryzen 7 7700X @ 5.57GHz (OpenSSL 3.3 AES-256-GCM),672,116826429643.67
AMD Ryzen 7 7700X @ 5.57GHz (OpenSSL 3.3 AES-256-GCM),673,116808342557.78
AMD Ryzen 7 7700X @ 5.57GHz (OpenSSL 3.3 AES-256-GCM),674,116845603258.03
AMD Ryzen 7 7700X @ 5.57GHz (OpenSSL 3.3 AES-256-GCM),675,116828146848.52
AMD Ryzen 7 7700X @ 5.57GHz (OpenSSL 3.3 AES-256-GCM),676,116922917228.01
AMD Ryzen 7 7700X @ 5.57GHz (OpenSSL 3.3 AES-256-GCM),677,116871677424.16
AMD Ryzen 7 7700X @ 5.57GHz (OpenSSL 3.3 AES-256-GCM),678,116850485972.78
AMD Ryzen 7 7700X @ 5.57GHz (OpenSSL 3.3 AES-256-GCM),679,116851332000.29
AMD Ryzen 7 7700X @ 5.57GHz (OpenSSL 3.3 AES-256-GCM),680,116868849147.83
AMD Ryzen 7 7700X @ 5.57GHz (OpenSSL 3.3 AES-256-GCM),681,116909073716.77
AMD Ryzen 7 7700X @ 5.57GHz (OpenSSL 3.3 AES-256-GCM),682,116787443575.97
AMD Ryzen 7 7700X @ 5.57GHz (OpenSSL 3.3 AES-256-GCM),683,116849567489.87
AMD Ryzen 7 7700X @ 5.57GHz (OpenSSL 3.3 AES-256-GCM),684,116808348775.74
AMD Ryzen 7 7700X @ 5.57GHz (OpenSSL 3.3 AES-256-GCM),685,116847740267.27
AMD Ryzen 7 7700X @ 5.57GHz (OpenSSL 3.3 AES-256-GCM),686,116897194092.00
AMD Ryzen 7 7700X @ 5.57GHz (OpenSSL 3.3 AES-256-GCM),687,116818701354.40
AMD Ryzen 7 7700X @ 5.57GHz (OpenSSL 3.3 AES-256-GCM),688,116829838219.03
AMD Ryzen 7 7700X @ 5.57GHz (OpenSSL 3.3 AES-256-GCM),689,116855932964.02
AMD Ryzen 7 7700X @ 5.57GHz (OpenSSL 3.3 AES-256-GCM),690,116892126749.10
AMD Ryzen 7 7700X @ 5.57GHz (OpenSSL 3.3 AES-256-GCM),691,116906863323.94
AMD Ryzen 7 7700X @ 5.57GHz (OpenSSL 3.3 AES-256-GCM),692,116871398196.00
AMD Ryzen 7 7700X @ 5.57GHz (OpenSSL 3.3 AES-256-GCM),693,116902288304.20
AMD Ryzen 7 7700X @ 5.57GHz (OpenSSL 3.3 AES-256-GCM),694,116843463077.75
AMD Ryzen 7 7700X @ 5.57GHz (OpenSSL 3.3 AES-256-GCM),695,116829331079.45
AMD Ryzen 7 7700X @ 5.57GHz (OpenSSL 3.3 AES-256-GCM),696,116942339125.54
AMD Ryzen 7 7700X @ 5.57GHz (OpenSSL 3.3 AES-256-GCM),697,116929086168.24
AMD Ryzen 7 7700X @ 5.57GHz (OpenSSL 3.3 AES-256-GCM),698,116883777362.20
AMD Ryzen 7 7700X @ 5.57GHz (OpenSSL 3.3 AES-256-GCM),699,116869354412.85
AMD Ryzen 7 7700X @ 5.57GHz (OpenSSL 3.3 AES-256-GCM),700,116871142493.00
AMD Ryzen 7 7700X @ 5.57GHz (OpenSSL 3.3 AES-256-GCM),701,116904796565.59
AMD Ryzen 7 7700X @ 5.57GHz (OpenSSL 3.3 AES-256-GCM),702,116882712823.44
AMD Ryzen 7 7700X @ 5.57GHz (OpenSSL 3.3 AES-256-GCM),703,116904064938.03
AMD Ryzen 7 7700X @ 5.57GHz (OpenSSL 3.3 AES-256-GCM),704,116862499250.48
AMD Ryzen 7 7700X @ 5.57GHz (OpenSSL 3.3 AES-256-GCM),705,116863019359.86
AMD Ryzen 7 7700X @ 5.57GHz (OpenSSL 3.3 AES-256-GCM),706,116826224566.42
AMD Ryzen 7 7700X @ 5.57GHz (OpenSSL 3.3 AES-256-GCM),707,116936715137.13
AMD Ryzen 7 7700X @ 5.57GHz (OpenSSL 3.3 AES-256-GCM),708,116864038284.24
AMD Ryzen 7 7700X @ 5.57GHz (OpenSSL 3.3 AES-256-GCM),709,116800810208.59
AMD Ryzen 7 7700X @ 5.57GHz (OpenSSL 3.3 AES-256-GCM),710,116848920590.86
AMD Ryzen 7 7700X @ 5.57GHz (OpenSSL 3.3 AES-256-GCM),711,116865542987.65
AMD Ryzen 7 7700X @ 5.57GHz (OpenSSL 3.3 AES-256-GCM),712,116868493876.77
AMD Ryzen 7 7700X @ 5.57GHz (OpenSSL 3.3 AES-256-GCM),713,116883958509.87
AMD Ryzen 7 7700X @ 5.57GHz (OpenSSL 3.3 AES-256-GCM),714,116836271939.80
AMD Ryzen 7 7700X @ 5.57GHz (OpenSSL 3.3 AES-256-GCM),715,116866497664.32
AMD Ryzen 7 7700X @ 5.57GHz (OpenSSL 3.3 AES-256-GCM),716,116794769421.76
AMD Ryzen 7 7700X @ 5.57GHz (OpenSSL 3.3 AES-256-GCM),717,116851397036.76
AMD Ryzen 7 7700X @ 5.57GHz (OpenSSL 3.3 AES-256-GCM),718,116903429342.08
AMD Ryzen 7 7700X @ 5.57GHz (OpenSSL 3.3 AES-256-GCM),719,116911246863.27
AMD Ryzen 7 7700X @ 5.57GHz (OpenSSL 3.3 AES-256-GCM),720,116813904284.59
AMD Ryzen 7 7700X @ 5.57GHz (OpenSSL 3.3 AES-256-GCM),721,116851433824.51
AMD Ryzen 7 7700X @ 5.57GHz (OpenSSL 3.3 AES-256-GCM),722,116846140794.68
AMD Ryzen 7 7700X @ 5.57GHz (OpenSSL 3.3 AES-256-GCM),723,116848086446.75
AMD Ryzen 7 7700X @ 5.57GHz (OpenSSL 3.3 AES-256-GCM),724,116847507726.91
AMD Ryzen 7 7700X @ 5.57GHz (OpenSSL 3.3 AES-256-GCM),725,116824497862.40
AMD Ryzen 7 7700X @ 5.57GHz (OpenSSL 3.3 AES-256-GCM),726,116830023261.93
AMD Ryzen 7 7700X @ 5.57GHz (OpenSSL 3.3 AES-256-GCM),727,116934322469.17
AMD Ryzen 7 7700X @ 5.57GHz (OpenSSL 3.3 AES-256-GCM),728,116899945798.02
AMD Ryzen 7 7700X @ 5.57GHz (OpenSSL 3.3 AES-256-GCM),729,116878832122.57
AMD Ryzen 7 7700X @ 5.57GHz (OpenSSL 3.3 AES-256-GCM),730,116851997742.06
AMD Ryzen 7 7700X @ 5.57GHz (OpenSSL 3.3 AES-256-GCM),731,116829898891.96
AMD Ryzen 7 7700X @ 5.57GHz (OpenSSL 3.3 AES-256-GCM),732,116909988546.42
AMD Ryzen 7 7700X @ 5.57GHz (OpenSSL 3.3 AES-256-GCM),733,116868069785.16
AMD Ryzen 7 7700X @ 5.57GHz (OpenSSL 3.3 AES-256-GCM),734,116797450439.13
AMD Ryzen 7 7700X @ 5.57GHz (OpenSSL 3.3 AES-256-GCM),735,116857777641.05
AMD Ryzen 7 7700X @ 5.57GHz (OpenSSL 3.3 AES-256-GCM),736,116810749950.11
AMD Ryzen 7 7700X @ 5.57GHz (OpenSSL 3.3 AES-256-GCM),737,116863354725.66
AMD Ryzen 7 7700X @ 5.57GHz (OpenSSL 3.3 AES-256-GCM),738,116860187419.08
AMD Ryzen 7 7700X @ 5.57GHz (OpenSSL 3.3 AES-256-GCM),739,116880784943.21
AMD Ryzen 7 7700X @ 5.57GHz (OpenSSL 3.3 AES-256-GCM),740,116813179326.26
AMD Ryzen 7 7700X @ 5.57GHz (OpenSSL 3.3 AES-256-GCM),741,116913424033.75
AMD Ryzen 7 7700X @ 5.57GHz (OpenSSL 3.3 AES-256-GCM),742,116873618241.30
AMD Ryzen 7 7700X @ 5.57GHz (OpenSSL 3.3 AES-256-GCM),743,116791539351.61
AMD Ryzen 7 7700X @ 5.57GHz (OpenSSL 3.3 AES-256-GCM),744,116862574126.35
AMD Ryzen 7 7700X @ 5.57GHz (OpenSSL 3.3 AES-256-GCM),745,116843382618.92
AMD Ryzen 7 7700X @ 5.57GHz (OpenSSL 3.3 AES-256-GCM),746,116929929190.84
AMD Ryzen 7 7700X @ 5.57GHz (OpenSSL 3.3 AES-256-GCM),747,116875023839.41
AMD Ryzen 7 7700X @ 5.57GHz (OpenSSL 3.3 AES-256-GCM),748,116906989151.75
AMD Ryzen 7 7700X @ 5.57GHz (OpenSSL 3.3 AES-256-GCM),749,116833017347.76
AMD Ryzen 7 7700X @ 5.57GHz (OpenSSL 3.3 AES-256-GCM),750,116833571556.12
AMD Ryzen 7 7700X @ 5.57GHz (OpenSSL 3.3 AES-256-GCM),751,116896639236.47
AMD Ryzen 7 7700X @ 5.57GHz (OpenSSL 3.3 AES-256-GCM),752,116829376868.69
AMD Ryzen 7 7700X @ 5.57GHz (OpenSSL 3.3 AES-256-GCM),753,116821105489.67
AMD Ryzen 7 7700X @ 5.57GHz (OpenSSL 3.3 AES-256-GCM),754,116973709322.85
AMD Ryzen 7 7700X @ 5.57GHz (OpenSSL 3.3 AES-256-GCM),755,116844480580.63
AMD Ryzen 7 7700X @ 5.57GHz (OpenSSL 3.3 AES-256-GCM),756,116812609703.88
AMD Ryzen 7 7700X @ 5.57GHz (OpenSSL 3.3 AES-256-GCM),757,116876503230.91
AMD Ryzen 7 7700X @ 5.57GHz (OpenSSL 3.3 AES-256-GCM),758,116841636078.01
AMD Ryzen 7 7700X @ 5.57GHz (OpenSSL 3.3 AES-256-GCM),759,116845449071.19
AMD Ryzen 7 7700X @ 5.57GHz (OpenSSL 3.3 AES-256-GCM),760,116842043003.92
AMD Ryzen 7 7700X @ 5.57GHz (OpenSSL 3.3 AES-256-GCM),761,116808764109.06
AMD Ryzen 7 7700X @ 5.57GHz (OpenSSL 3.3 AES-256-GCM),762,116808934737.27
AMD Ryzen 7 7700X @ 5.57GHz (OpenSSL 3.3 AES-256-GCM),763,116784928323.44
AMD Ryzen 7 7700X @ 5.57GHz (OpenSSL 3.3 AES-256-GCM),764,116942364337.07
AMD Ryzen 7 7700X @ 5.57GHz (OpenSSL 3.3 AES-256-GCM),765,116853920077.87
AMD Ryzen 7 7700X @ 5.57GHz (OpenSSL 3.3 AES-256-GCM),766,116867064307.89
AMD Ryzen 7 7700X @ 5.57GHz (OpenSSL 3.3 AES-256-GCM),767,116879658182.77
AMD Ryzen 7 7700X @ 5.57GHz (OpenSSL 3.3 AES-256-GCM),768,116818120923.27
AMD Ryzen 7 7700X @ 5.57GHz (OpenSSL 3.3 AES-256-GCM),769,116840641390.00
AMD Ryzen 7 7700X @ 5.57GHz (OpenSSL 3.3 AES-256-GCM),770,116896978039.65
AMD Ryzen 7 7700X @ 5.57GHz (OpenSSL 3.3 AES-256-GCM),771,116759675836.89
AMD Ryzen 7 7700X @ 5.57GHz (OpenSSL 3.3 AES-256-GCM),772,116887906220.80
AMD Ryzen 7 7700X @ 5.57GHz (OpenSSL 3.3 AES-256-GCM),773,116829340044.67
AMD Ryzen 7 7700X @ 5.57GHz (OpenSSL 3.3 AES-256-GCM),774,116955528915.97
AMD Ryzen 7 7700X @ 5.57GHz (OpenSSL 3.3 AES-256-GCM),775,116919729962.05
AMD Ryzen 7 7700X @ 5.57GHz (OpenSSL 3.3 AES-256-GCM),776,116841142854.87
AMD Ryzen 7 7700X @ 5.57GHz (OpenSSL 3.3 AES-256-GCM),777,116852862661.20
AMD Ryzen 7 7700X @ 5.57GHz (OpenSSL 3.3 AES-256-GCM),778,116883135507.89
AMD Ryzen 7 7700X @ 5.57GHz (OpenSSL 3.3 AES-256-GCM),779,116887931128.50
AMD Ryzen 7 7700X @ 5.57GHz (OpenSSL 3.3 AES-256-GCM),780,116834929996.19
AMD Ryzen 7 7700X @ 5.57GHz (OpenSSL 3.3 AES-256-GCM),781,116852707240.18
AMD Ryzen 7 7700X @ 5.57GHz (OpenSSL 3.3 AES-256-GCM),782,116907928461.95
AMD Ryzen 7 7700X @ 5.57GHz (OpenSSL 3.3 AES-256-GCM),783,116891388335.90
AMD Ryzen 7 7700X @ 5.57GHz (OpenSSL 3.3 AES-256-GCM),784,116874181519.58
AMD Ryzen 7 7700X @ 5.57GHz (OpenSSL 3.3 AES-256-GCM),785,116855523570.59
AMD Ryzen 7 7700X @ 5.57GHz (OpenSSL 3.3 AES-256-GCM),786,116866887781.91
AMD Ryzen 7 7700X @ 5.57GHz (OpenSSL 3.3 AES-256-GCM),787,116840298196.19
AMD Ryzen 7 7700X @ 5.57GHz (OpenSSL 3.3 AES-256-GCM),788,116853835922.52
AMD Ryzen 7 7700X @ 5.57GHz (OpenSSL 3.3 AES-256-GCM),789,116798565342.41
AMD Ryzen 7 7700X @ 5.57GHz (OpenSSL 3.3 AES-256-GCM),790,116863879713.64
AMD Ryzen 7 7700X @ 5.57GHz (OpenSSL 3.3 AES-256-GCM),791,116827675913.45
AMD Ryzen 7 7700X @ 5.57GHz (OpenSSL 3.3 AES-256-GCM),792,116855194717.76
AMD Ryzen 7 7700X @ 5.57GHz (OpenSSL 3.3 AES-256-GCM),793,116843051684.50
AMD Ryzen 7 7700X @ 5.57GHz (OpenSSL 3.3 AES-256-GCM),794,116892503212.38
AMD Ryzen 7 7700X @ 5.57GHz (OpenSSL 3.3 AES-256-GCM),795,116868123410.91
AMD Ryzen 7 7700X @ 5.57GHz (OpenSSL 3.3 AES-256-GCM),796,116850856797.52
AMD Ryzen 7 7700X @ 5.57GHz (OpenSSL 3.3 AES-256-GCM),797,116839075278.72
AMD Ryzen 7 7700X @ 5.57GHz (OpenSSL 3.3 AES-256-GCM),798,116773906575.32
AMD Ryzen 7 7700X @ 5.57GHz (OpenSSL 3.3 AES-256-GCM),799,116823077140.70
AMD Ryzen 7 7700X @ 5.57GHz (OpenSSL 3.3 AES-256-GCM),800,116877730761.09
AMD Ryzen 7 7700X @ 5.57GHz (OpenSSL 3.3 AES-256-GCM),801,116792967209.70
AMD Ryzen 7 7700X @ 5.57GHz (OpenSSL 3.3 AES-256-GCM),802,116773957201.96
AMD Ryzen 7 7700X @ 5.57GHz (OpenSSL 3.3 AES-256-GCM),803,116776549748.33
AMD Ryzen 7 7700X @ 5.57GHz (OpenSSL 3.3 AES-256-GCM),804,116861727780.88
AMD Ryzen 7 7700X @ 5.57GHz (OpenSSL 3.3 AES-256-GCM),805,116832644527.88
AMD Ryzen 7 7700X @ 5.57GHz (OpenSSL 3.3 AES-256-GCM),806,116829881630.01
AMD Ryzen 7 7700X @ 5.57GHz (OpenSSL 3.3 AES-256-GCM),807,116798894536.73
AMD Ryzen 7 7700X @ 5.57GHz (OpenSSL 3.3 AES-256-GCM),808,116858332246.28
AMD Ryzen 7 7700X @ 5.57GHz (OpenSSL 3.3 AES-256-GCM),809,116800361630.59
AMD Ryzen 7 7700X @ 5.57GHz (OpenSSL 3.3 AES-256-GCM),810,116879424453.00
AMD Ryzen 7 7700X @ 5.57GHz (OpenSSL 3.3 AES-256-GCM),811,116829687760.64
AMD Ryzen 7 7700X @ 5.57GHz (OpenSSL 3.3 AES-256-GCM),812,116859215973.71
AMD Ryzen 7 7700X @ 5.57GHz (OpenSSL 3.3 AES-256-GCM),813,116847034960.11
AMD Ryzen 7 7700X @ 5.57GHz (OpenSSL 3.3 AES-256-GCM),814,116878792577.30
AMD Ryzen 7 7700X @ 5.57GHz (OpenSSL 3.3 AES-256-GCM),815,116875801508.55
AMD Ryzen 7 7700X @ 5.57GHz (OpenSSL 3.3 AES-256-GCM),816,116845719168.37
AMD Ryzen 7 7700X @ 5.57GHz (OpenSSL 3.3 AES-256-GCM),817,116803721627.24
AMD Ryzen 7 7700X @ 5.57GHz (OpenSSL 3.3 AES-256-GCM),818,116850515993.43
AMD Ryzen 7 7700X @ 5.57GHz (OpenSSL 3.3 AES-256-GCM),819,116860785490.70
AMD Ryzen 7 7700X @ 5.57GHz (OpenSSL 3.3 AES-256-GCM),820,116808866705.85
AMD Ryzen 7 7700X @ 5.57GHz (OpenSSL 3.3 AES-256-GCM),821,116845954613.55
AMD Ryzen 7 7700X @ 5.57GHz (OpenSSL 3.3 AES-256-GCM),822,116815346988.52
AMD Ryzen 7 7700X @ 5.57GHz (OpenSSL 3.3 AES-256-GCM),823,116818715586.35
AMD Ryzen 7 7700X @ 5.57GHz (OpenSSL 3.3 AES-256-GCM),824,116863882909.29
AMD Ryzen 7 7700X @ 5.57GHz (OpenSSL 3.3 AES-256-GCM),825,116890357228.65
AMD Ryzen 7 7700X @ 5.57GHz (OpenSSL 3.3 AES-256-GCM),826,116888208838.43
AMD Ryzen 7 7700X @ 5.57GHz (OpenSSL 3.3 AES-256-GCM),827,116834172824.22
AMD Ryzen 7 7700X @ 5.57GHz (OpenSSL 3.3 AES-256-GCM),828,116854626755.70
AMD Ryzen 7 7700X @ 5.57GHz (OpenSSL 3.3 AES-256-GCM),829,116868926006.51
AMD Ryzen 7 7700X @ 5.57GHz (OpenSSL 3.3 AES-256-GCM),830,116876829399.39
AMD Ryzen 7 7700X @ 5.57GHz (OpenSSL 3.3 AES-256-GCM),831,116907625131.08
AMD Ryzen 7 7700X @ 5.57GHz (OpenSSL 3.3 AES-256-GCM),832,116824026891.76
AMD Ryzen 7 7700X @ 5.57GHz (OpenSSL 3.3 AES-256-GCM),833,116854461214.00
AMD Ryzen 7 7700X @ 5.57GHz (OpenSSL 3.3 AES-256-GCM),834,116817227346.35
AMD Ryzen 7 7700X @ 5.57GHz (OpenSSL 3.3 AES-256-GCM),835,116871052165.64
AMD Ryzen 7 7700X @ 5.57GHz (OpenSSL 3.3 AES-256-GCM),836,116820920609.76
AMD Ryzen 7 7700X @ 5.57GHz (OpenSSL 3.3 AES-256-GCM),837,116784088036.38
AMD Ryzen 7 7700X @ 5.57GHz (OpenSSL 3.3 AES-256-GCM),838,116832909509.60
AMD Ryzen 7 7700X @ 5.57GHz (OpenSSL 3.3 AES-256-GCM),839,116855044041.58
AMD Ryzen 7 7700X @ 5.57GHz (OpenSSL 3.3 AES-256-GCM),840,116872154820.65
AMD Ryzen 7 7700X @ 5.57GHz (OpenSSL 3.3 AES-256-GCM),841,116876313149.65
AMD Ryzen 7 7700X @ 5.57GHz (OpenSSL 3.3 AES-256-GCM),842,116825129520.51
AMD Ryzen 7 7700X @ 5.57GHz (OpenSSL 3.3 AES-256-GCM),843,116803126359.73
AMD Ryzen 7 7700X @ 5.57GHz (OpenSSL 3.3 AES-256-GCM),844,116903459948.19
AMD Ryzen 7 7700X @ 5.57GHz (OpenSSL 3.3 AES-256-GCM),845,116866826431.89
AMD Ryzen 7 7700X @ 5.57GHz (OpenSSL 3.3 AES-256-GCM),846,116918060452.35
AMD Ryzen 7 7700X @ 5.57GHz (OpenSSL 3.3 AES-256-GCM),847,116880241722.84
AMD Ryzen 7 7700X @ 5.57GHz (OpenSSL 3.3 AES-256-GCM),848,116887083854.14
AMD Ryzen 7 7700X @ 5.57GHz (OpenSSL 3.3 AES-256-GCM),849,116896919516.62
AMD Ryzen 7 7700X @ 5.57GHz (OpenSSL 3.3 AES-256-GCM),850,116832147332.17
AMD Ryzen 7 7700X @ 5.57GHz (OpenSSL 3.3 AES-256-GCM),851,116840909673.92
AMD Ryzen 7 7700X @ 5.57GHz (OpenSSL 3.3 AES-256-GCM),852,116848915135.99
AMD Ryzen 7 7700X @ 5.57GHz (OpenSSL 3.3 AES-256-GCM),853,116869563931.22
AMD Ryzen 7 7700X @ 5.57GHz (OpenSSL 3.3 AES-256-GCM),854,116893377848.85
AMD Ryzen 7 7700X @ 5.57GHz (OpenSSL 3.3 AES-256-GCM),855,116909836457.35
AMD Ryzen 7 7700X @ 5.57GHz (OpenSSL 3.3 AES-256-GCM),856,116849875907.80
AMD Ryzen 7 7700X @ 5.57GHz (OpenSSL 3.3 AES-256-GCM),857,116883250227.24
AMD Ryzen 7 7700X @ 5.57GHz (OpenSSL 3.3 AES-256-GCM),858,116758228004.78
AMD Ryzen 7 7700X @ 5.57GHz (OpenSSL 3.3 AES-256-GCM),859,116868424070.00
AMD Ryzen 7 7700X @ 5.57GHz (OpenSSL 3.3 AES-256-GCM),860,116918966968.84
AMD Ryzen 7 7700X @ 5.57GHz (OpenSSL 3.3 AES-256-GCM),861,116915007996.78
AMD Ryzen 7 7700X @ 5.57GHz (OpenSSL 3.3 AES-256-GCM),862,116867846456.14
AMD Ryzen 7 7700X @ 5.57GHz (OpenSSL 3.3 AES-256-GCM),863,116912538618.88
AMD Ryzen 7 7700X @ 5.57GHz (OpenSSL 3.3 AES-256-GCM),864,116916528577.20
AMD Ryzen 7 7700X @ 5.57GHz (OpenSSL 3.3 AES-256-GCM),865,116820841530.45
AMD Ryzen 7 7700X @ 5.57GHz (OpenSSL 3.3 AES-256-GCM),866,116923136240.71
AMD Ryzen 7 7700X @ 5.57GHz (OpenSSL 3.3 AES-256-GCM),867,116806666472.15
AMD Ryzen 7 7700X @ 5.57GHz (OpenSSL 3.3 AES-256-GCM),868,116919242460.39
AMD Ryzen 7 7700X @ 5.57GHz (OpenSSL 3.3 AES-256-GCM),869,116878990902.34
AMD Ryzen 7 7700X @ 5.57GHz (OpenSSL 3.3 AES-256-GCM),870,116888556273.58
AMD Ryzen 7 7700X @ 5.57GHz (OpenSSL 3.3 AES-256-GCM),871,116792472248.15
AMD Ryzen 7 7700X @ 5.57GHz (OpenSSL 3.3 AES-256-GCM),872,116861272063.41
AMD Ryzen 7 7700X @ 5.57GHz (OpenSSL 3.3 AES-256-GCM),873,116835712390.93
AMD Ryzen 7 7700X @ 5.57GHz (OpenSSL 3.3 AES-256-GCM),874,116867242331.17
AMD Ryzen 7 7700X @ 5.57GHz (OpenSSL 3.3 AES-256-GCM),875,116885500658.28
AMD Ryzen 7 7700X @ 5.57GHz (OpenSSL 3.3 AES-256-GCM),876,116896754302.13
AMD Ryzen 7 7700X @ 5.57GHz (OpenSSL 3.3 AES-256-GCM),877,116923566508.61
AMD Ryzen 7 7700X @ 5.57GHz (OpenSSL 3.3 AES-256-GCM),878,116852291182.69
AMD Ryzen 7 7700X @ 5.57GHz (OpenSSL 3.3 AES-256-GCM),879,116820673438.99
AMD Ryzen 7 7700X @ 5.57GHz (OpenSSL 3.3 AES-256-GCM),880,116858974345.31
AMD Ryzen 7 7700X @ 5.57GHz (OpenSSL 3.3 AES-256-GCM),881,116889026313.83
AMD Ryzen 7 7700X @ 5.57GHz (OpenSSL 3.3 AES-256-GCM),882,116879623630.54
AMD Ryzen 7 7700X @ 5.57GHz (OpenSSL 3.3 AES-256-GCM),883,116942758498.74
AMD Ryzen 7 7700X @ 5.57GHz (OpenSSL 3.3 AES-256-GCM),884,116895202251.90
AMD Ryzen 7 7700X @ 5.57GHz (OpenSSL 3.3 AES-256-GCM),885,116856551853.22
AMD Ryzen 7 7700X @ 5.57GHz (OpenSSL 3.3 AES-256-GCM),886,116872533669.81
AMD Ryzen 7 7700X @ 5.57GHz (OpenSSL 3.3 AES-256-GCM),887,116840704097.86
AMD Ryzen 7 7700X @ 5.57GHz (OpenSSL 3.3 AES-256-GCM),888,116828739737.37
AMD Ryzen 7 7700X @ 5.57GHz (OpenSSL 3.3 AES-256-GCM),889,116909747132.00
AMD Ryzen 7 7700X @ 5.57GHz (OpenSSL 3.3 AES-256-GCM),890,116887572476.33
AMD Ryzen 7 7700X @ 5.57GHz (OpenSSL 3.3 AES-256-GCM),891,116841948239.50
AMD Ryzen 7 7700X @ 5.57GHz (OpenSSL 3.3 AES-256-GCM),892,116837327490.92
AMD Ryzen 7 7700X @ 5.57GHz (OpenSSL 3.3 AES-256-GCM),893,116808113070.21
AMD Ryzen 7 7700X @ 5.57GHz (OpenSSL 3.3 AES-256-GCM),894,116769928649.49
AMD Ryzen 7 7700X @ 5.57GHz (OpenSSL 3.3 AES-256-GCM),895,116842625492.27
AMD Ryzen 7 7700X @ 5.57GHz (OpenSSL 3.3 AES-256-GCM),896,116850454378.02
AMD Ryzen 7 7700X @ 5.57GHz (OpenSSL 3.3 AES-256-GCM),897,116757805351.41
AMD Ryzen 7 7700X @ 5.57GHz (OpenSSL 3.3 AES-256-GCM),898,116850730502.50
AMD Ryzen 7 7700X @ 5.57GHz (OpenSSL 3.3 AES-256-GCM),899,116870812320.19
AMD Ryzen 7 7700X @ 5.57GHz (OpenSSL 3.3 AES-256-GCM),900,116889506150.76
AMD Ryzen 7 7700X @ 5.57GHz (OpenSSL 3.3 AES-256-GCM),901,116844114314.27
AMD Ryzen 7 7700X @ 5.57GHz (OpenSSL 3.3 AES-256-GCM),902,116906916083.91
AMD Ryzen 7 7700X @ 5.57GHz (OpenSSL 3.3 AES-256-GCM),903,116898316827.58
AMD Ryzen 7 7700X @ 5.57GHz (OpenSSL 3.3 AES-256-GCM),904,116884888030.46
AMD Ryzen 7 7700X @ 5.57GHz (OpenSSL 3.3 AES-256-GCM),905,116759233810.86
AMD Ryzen 7 7700X @ 5.57GHz (OpenSSL 3.3 AES-256-GCM),906,116860912668.27
AMD Ryzen 7 7700X @ 5.57GHz (OpenSSL 3.3 AES-256-GCM),907,116855999664.21
AMD Ryzen 7 7700X @ 5.57GHz (OpenSSL 3.3 AES-256-GCM),908,116852430821.87
AMD Ryzen 7 7700X @ 5.57GHz (OpenSSL 3.3 AES-256-GCM),909,116830893901.37
AMD Ryzen 7 7700X @ 5.57GHz (OpenSSL 3.3 AES-256-GCM),910,116824787157.73
AMD Ryzen 7 7700X @ 5.57GHz (OpenSSL 3.3 AES-256-GCM),911,116820656667.55
AMD Ryzen 7 7700X @ 5.57GHz (OpenSSL 3.3 AES-256-GCM),912,116876480717.19
AMD Ryzen 7 7700X @ 5.57GHz (OpenSSL 3.3 AES-256-GCM),913,116816782267.46
AMD Ryzen 7 7700X @ 5.57GHz (OpenSSL 3.3 AES-256-GCM),914,116869366523.59
AMD Ryzen 7 7700X @ 5.57GHz (OpenSSL 3.3 AES-256-GCM),915,116816844888.39
AMD Ryzen 7 7700X @ 5.57GHz (OpenSSL 3.3 AES-256-GCM),916,116876371431.34
AMD Ryzen 7 7700X @ 5.57GHz (OpenSSL 3.3 AES-256-GCM),917,116869177648.00
AMD Ryzen 7 7700X @ 5.57GHz (OpenSSL 3.3 AES-256-GCM),918,116799680691.55
AMD Ryzen 7 7700X @ 5.57GHz (OpenSSL 3.3 AES-256-GCM),919,116847699157.27
AMD Ryzen 7 7700X @ 5.57GHz (OpenSSL 3.3 AES-256-GCM),920,116826738240.02
AMD Ryzen 7 7700X @ 5.57GHz (OpenSSL 3.3 AES-256-GCM),921,116872833943.48
AMD Ryzen 7 7700X @ 5.57GHz (OpenSSL 3.3 AES-256-GCM),922,116902346502.71
AMD Ryzen 7 7700X @ 5.57GHz (OpenSSL 3.3 AES-256-GCM),923,116906013719.21
AMD Ryzen 7 7700X @ 5.57GHz (OpenSSL 3.3 AES-256-GCM),924,116875876380.81
AMD Ryzen 7 7700X @ 5.57GHz (OpenSSL 3.3 AES-256-GCM),925,116860441661.75
AMD Ryzen 7 7700X @ 5.57GHz (OpenSSL 3.3 AES-256-GCM),926,116839849573.61
AMD Ryzen 7 7700X @ 5.57GHz (OpenSSL 3.3 AES-256-GCM),927,116875349351.93
AMD Ryzen 7 7700X @ 5.57GHz (OpenSSL 3.3 AES-256-GCM),928,116858444378.43
AMD Ryzen 7 7700X @ 5.57GHz (OpenSSL 3.3 AES-256-GCM),929,116832092970.94
AMD Ryzen 7 7700X @ 5.57GHz (OpenSSL 3.3 AES-256-GCM),930,116897964912.53
AMD Ryzen 7 7700X @ 5.57GHz (OpenSSL 3.3 AES-256-GCM),931,116902655724.91
AMD Ryzen 7 7700X @ 5.57GHz (OpenSSL 3.3 AES-256-GCM),932,116930689243.92
AMD Ryzen 7 7700X @ 5.57GHz (OpenSSL 3.3 AES-256-GCM),933,116840610320.35
AMD Ryzen 7 7700X @ 5.57GHz (OpenSSL 3.3 AES-256-GCM),934,116879066758.61
AMD Ryzen 7 7700X @ 5.57GHz (OpenSSL 3.3 AES-256-GCM),935,116863021788.58
AMD Ryzen 7 7700X @ 5.57GHz (OpenSSL 3.3 AES-256-GCM),936,116826076080.89
AMD Ryzen 7 7700X @ 5.57GHz (OpenSSL 3.3 AES-256-GCM),937,116852684265.62
AMD Ryzen 7 7700X @ 5.57GHz (OpenSSL 3.3 AES-256-GCM),938,116789696468.62
AMD Ryzen 7 7700X @ 5.57GHz (OpenSSL 3.3 AES-256-GCM),939,116798195506.28
AMD Ryzen 7 7700X @ 5.57GHz (OpenSSL 3.3 AES-256-GCM),940,116827979701.74
AMD Ryzen 7 7700X @ 5.57GHz (OpenSSL 3.3 AES-256-GCM),941,116832709589.32
AMD Ryzen 7 7700X @ 5.57GHz (OpenSSL 3.3 AES-256-GCM),942,116873424603.67
AMD Ryzen 7 7700X @ 5.57GHz (OpenSSL 3.3 AES-256-GCM),943,116818728296.02
AMD Ryzen 7 7700X @ 5.57GHz (OpenSSL 3.3 AES-256-GCM),944,116910241401.63
AMD Ryzen 7 7700X @ 5.57GHz (OpenSSL 3.3 AES-256-GCM),945,116820824252.91
AMD Ryzen 7 7700X @ 5.57GHz (OpenSSL 3.3 AES-256-GCM),946,116819020366.57
AMD Ryzen 7 7700X @ 5.57GHz (OpenSSL 3.3 AES-256-GCM),947,116889751576.19
AMD Ryzen 7 7700X @ 5.57GHz (OpenSSL 3.3 AES-256-GCM),948,116881693027.23
AMD Ryzen 7 7700X @ 5.57GHz (OpenSSL 3.3 AES-256-GCM),949,116856981328.12
AMD Ryzen 7 7700X @ 5.57GHz (OpenSSL 3.3 AES-256-GCM),950,116890760128.69
AMD Ryzen 7 7700X @ 5.57GHz (OpenSSL 3.3 AES-256-GCM),951,116863929370.93
AMD Ryzen 7 7700X @ 5.57GHz (OpenSSL 3.3 AES-256-GCM),952,116866502318.06
AMD Ryzen 7 7700X @ 5.57GHz (OpenSSL 3.3 AES-256-GCM),953,116844794760.97
AMD Ryzen 7 7700X @ 5.57GHz (OpenSSL 3.3 AES-256-GCM),954,116876300151.74
AMD Ryzen 7 7700X @ 5.57GHz (OpenSSL 3.3 AES-256-GCM),955,116801686521.47
AMD Ryzen 7 7700X @ 5.57GHz (OpenSSL 3.3 AES-256-GCM),956,116880133210.67
AMD Ryzen 7 7700X @ 5.57GHz (OpenSSL 3.3 AES-256-GCM),957,116873552159.61
AMD Ryzen 7 7700X @ 5.57GHz (OpenSSL 3.3 AES-256-GCM),958,116797650353.62
AMD Ryzen 7 7700X @ 5.57GHz (OpenSSL 3.3 AES-256-GCM),959,116823603735.35
AMD Ryzen 7 7700X @ 5.57GHz (OpenSSL 3.3 AES-256-GCM),960,116869651250.13
AMD Ryzen 7 7700X @ 5.57GHz (OpenSSL 3.3 AES-256-GCM),961,116816193980.83
AMD Ryzen 7 7700X @ 5.57GHz (OpenSSL 3.3 AES-256-GCM),962,116853262525.99
AMD Ryzen 7 7700X @ 5.57GHz (OpenSSL 3.3 AES-256-GCM),963,116865193170.69
AMD Ryzen 7 7700X @ 5.57GHz (OpenSSL 3.3 AES-256-GCM),964,116871923383.54
AMD Ryzen 7 7700X @ 5.57GHz (OpenSSL 3.3 AES-256-GCM),965,116864790531.30
AMD Ryzen 7 7700X @ 5.57GHz (OpenSSL 3.3 AES-256-GCM),966,116898096076.18
AMD Ryzen 7 7700X @ 5.57GHz (OpenSSL 3.3 AES-256-GCM),967,116829587534.96
AMD Ryzen 7 7700X @ 5.57GHz (OpenSSL 3.3 AES-256-GCM),968,116804366612.24
AMD Ryzen 7 7700X @ 5.57GHz (OpenSSL 3.3 AES-256-GCM),969,116820965029.71
AMD Ryzen 7 7700X @ 5.57GHz (OpenSSL 3.3 AES-256-GCM),970,116917193398.72
AMD Ryzen 7 7700X @ 5.57GHz (OpenSSL 3.3 AES-256-GCM),971,116861410633.33
AMD Ryzen 7 7700X @ 5.57GHz (OpenSSL 3.3 AES-256-GCM),972,116863686981.73
AMD Ryzen 7 7700X @ 5.57GHz (OpenSSL 3.3 AES-256-GCM),973,116835784205.82
AMD Ryzen 7 7700X @ 5.57GHz (OpenSSL 3.3 AES-256-GCM),974,116830169250.49
AMD Ryzen 7 7700X @ 5.57GHz (OpenSSL 3.3 AES-256-GCM),975,116839012899.63
AMD Ryzen 7 7700X @ 5.57GHz (OpenSSL 3.3 AES-256-GCM),976,116836527626.75
AMD Ryzen 7 7700X @ 5.57GHz (OpenSSL 3.3 AES-256-GCM),977,116868653351.56
AMD Ryzen 7 7700X @ 5.57GHz (OpenSSL 3.3 AES-256-GCM),978,116795512575.82
AMD Ryzen 7 7700X @ 5.57GHz (OpenSSL 3.3 AES-256-GCM),979,116842073479.86
AMD Ryzen 7 7700X @ 5.57GHz (OpenSSL 3.3 AES-256-GCM),980,116858558319.80
AMD Ryzen 7 7700X @ 5.57GHz (OpenSSL 3.3 AES-256-GCM),981,116871961694.41
AMD Ryzen 7 7700X @ 5.57GHz (OpenSSL 3.3 AES-256-GCM),982,116918562484.47
AMD Ryzen 7 7700X @ 5.57GHz (OpenSSL 3.3 AES-256-GCM),983,116827592532.84
AMD Ryzen 7 7700X @ 5.57GHz (OpenSSL 3.3 AES-256-GCM),984,116853237924.84
AMD Ryzen 7 7700X @ 5.57GHz (OpenSSL 3.3 AES-256-GCM),985,116865029999.75
AMD Ryzen 7 7700X @ 5.57GHz (OpenSSL 3.3 AES-256-GCM),986,116826132574.53
AMD Ryzen 7 7700X @ 5.57GHz (OpenSSL 3.3 AES-256-GCM),987,116885649792.73
AMD Ryzen 7 7700X @ 5.57GHz (OpenSSL 3.3 AES-256-GCM),988,116897391838.80
AMD Ryzen 7 7700X @ 5.57GHz (OpenSSL 3.3 AES-256-GCM),989,116863299519.76
AMD Ryzen 7 7700X @ 5.57GHz (OpenSSL 3.3 AES-256-GCM),990,116842387984.64
AMD Ryzen 7 7700X @ 5.57GHz (OpenSSL 3.3 AES-256-GCM),991,116860015048.46
AMD Ryzen 7 7700X @ 5.57GHz (OpenSSL 3.3 AES-256-GCM),992,116841911914.04
AMD Ryzen 7 7700X @ 5.57GHz (OpenSSL 3.3 AES-256-GCM),993,116847924181.38
AMD Ryzen 7 7700X @ 5.57GHz (OpenSSL 3.3 AES-256-GCM),994,116876415043.82
AMD Ryzen 7 7700X @ 5.57GHz (OpenSSL 3.3 AES-256-GCM),995,116847753920.77
AMD Ryzen 7 7700X @ 5.57GHz (OpenSSL 3.3 AES-256-GCM),996,116802889173.84
AMD Ryzen 7 7700X @ 5.57GHz (OpenSSL 3.3 AES-256-GCM),997,116844487918.88
AMD Ryzen 7 7700X @ 5.57GHz (OpenSSL 3.3 AES-256-GCM),998,116909208949.32
AMD Ryzen 7 7700X @ 5.57GHz (OpenSSL 3.3 AES-256-GCM),999,116915661779.87
AMD Ryzen 7 7700X @ 5.57GHz (OpenSSL 3.3 AES-256-GCM),1000,116886874778.28
